ID,description
0,The molecule is a beta-D-glucosyl-(1<->1')-N-acylsphinganine in which the acyl group specified is tetracosanoyl. It has a role as a mouse metabolite and an allergen. It derives from a tetracosanoic acid.
1,"The molecule is the hydrochloride salt of doxapram. It has a role as an antispasmodic drug, a muscle relaxant and a cholinergic antagonist. It contains a doxapram."
2,"The molecule is a steroid glucosiduronic acid that is 5alpha-dihydrotestosterone having a single beta-D-glucuronic acid residue attached at position 17. It has a role as a human urinary metabolite and a rat metabolite. It is a beta-D-glucosiduronic acid, an 11beta-hydroxy steroid, a 3-hydroxy steroid and a steroid glucosiduronic acid. It derives from a 17beta-hydroxy-5alpha-androstan-3-one."
3,"The molecule is a hydroxy fatty acid ascaroside anion that is the conjugate base of oscr#27, obtained by deprotonation of the carboxy group; major species at pH 7.3. It is a conjugate base of an oscr#27."
4,The molecule is a monocarboxylic acid that is acetic acid in which all three methyl hydrogens are replaced by chlorines. It has a role as an environmental contaminant and a xenobiotic metabolite. It is a conjugate acid of a trichloroacetate.
5,"The molecule is an amino tetrasaccharide that consists of 2-acetamido-beta-D-galactopyranose, beta-D-glucopyranosyl and 2-acetamido-2-deoxy-6-O-sulfo-D-glucopyranose residues joined in sequence by (1->4) glycosidic bonds. It is a member of acetamides, an oligosaccharide sulfate and an amino tetrasaccharide."
6,"The molecule is a hexonic acid that is 2-ketohexanoic acid carrying six hydroxy substituents at positions 3, 4, 5, 6, 7 and 8. It has a role as an Escherichia coli metabolite. It derives from a D-glucaric acid. It is a conjugate acid of a 2-dehydro-D-glucarate(1-)."
7,"The molecule is a homodetic cyclic peptide that consists of L-valine as the amino acid residue cyclised by amide bonds between positions 2 and 3, position 6 and 7 and position 9 and 10. It has a role as an antimicrobial agent, an antineoplastic agent, an antiviral agent, a bacterial metabolite, an antiprotozoal drug, an EC 5.99.1.3 [DNA topoisomerase (ATP-hydrolysing)] inhibitor, an apoptosis inducer, an antibacterial agent and an antifungal agent. It is a homodetic cyclic peptide, a macrocycle, a member of 1,3-oxazoles, a furanone, a sulfonamide and a dipeptide."
8,"The molecule is a monocarboxylic acid that consists of propionic acid bearing two methoxy substituents at position 3 and 4 respectively. It has a role as an EC 6.4.1.2 (acetyl-CoA carboxylase) inhibitor, a plant metabolite, a human blood serum metabolite and a mouse metabolite. It derives from a propionic acid."
9,The molecule is an organic cation obtained by protonation of the secondary amino group of validoxylamine A; major species at pH 7.3. It derives from a valiaminium(1+). It is a conjugate acid of a validoxylamine A.
10,"The molecule is a tricyclic diterpenoid that is ent-cassa-12,15-diene in which the hydrogen at position 3 has been replaced by an alpha-methyl group. It derives from a hydride of an ent-cassa-12,15-diene."
11,The molecule is a dipeptide formed from L-valine and L-proline residues. It has a role as a metabolite. It derives from a L-valine and a L-proline.
12,"The molecule is a tetrahydroxyflavanone that is (2S)-flavanone substituted by hydroxy groups at positions 5, 7, 3' and 4' and a prenyl group at position 5'. Isolated from Macaranga tanarius, it exhibits radical scavenging activity. It has a role as a metabolite and an antioxidant. It is a tetrahydroxyflavanone and a member of 4'-hydroxyflavanones."
13,"The molecule is a dihydroxydocosahexaenoate that is the conjugate base of (4Z,7Z,10Z,12E,16Z,19Z)-14,22-dihydroxydocosahexaenoic acid, obtained by deprotonation of the carboxy group; major species at pH 7.3. It derives from an all-cis-docosa-4,7,10,13,16,19-hexaenoate. It is a conjugate base of a (4Z,7Z,10Z,12E,16Z,19Z)-14,22-dihydroxyicosapentaenoic acid."
14,"The molecule is a pseudoguaianolide with anti-inflammatory activity isolated from the aerial parts of Inula hupehensis. It has a role as an anti-inflammatory agent and a plant metabolite. It is a gamma-lactone, an acetate ester, a cyclic ketone, an organic heterotricyclic compound and a pseudoguaianolide."
15,The molecule is a primary alcohol that is ethanol substituted by an ethoxy group at position 2. It has a role as a protic solvent and a metabolite.
16,"The molecule is the hydrochloride salt of (S)-chlorfenac. It has a role as an antiglaucoma drug, an EC 1.8.1.3 [aldehyde reductase (NADPH)] inhibitor and an antihypertensive agent. It contains a (S)-chlorfenac."
17,The molecule is a triply-charged monocarboxylic acid anion arising from deprotonation of the carboxy and phosphate OH groups of phosphonopyruvic acid; major species at pH 7.3. It derives from pyruvate(2-). It is a conjugate base of an O-phosphonatopyruvate(1-).
18,The molecule is a 1-acyl-sn-glycero-3-phospho-1D-myo-inositol(1-) obtained by deprotonation of the phosphate OH group of 1-oleoyl-sn-glycero-3-phospho-D-myo-inositol; major species at pH 7.3. It derives from an oleate. It is a conjugate base of a 1-oleoyl-sn-glycero-3-phospho-D-myo-inositol.
19,"The molecule is a diterpenoid isolated from Ajuga bracteosa and has been shown to exhibit antifeedant activity. It has a role as an antifeedant, a plant metabolite and an EC 3.6.3.9 (Na(+)/K(+)-transporting ATPase) inhibitor. It is a furofuran, an acetate ester, a diterpenoid, a spiro-epoxide and a cyclic acetal."
20,"The molecule is an unsaturated fatty acyl-CoA that results from the formal condensation of the thiol group of coenzyme A with the carboxy group of (10Z,13Z,16Z)-docosatrienoic acid. It is a long-chain fatty acyl-CoA and an unsaturated fatty acyl-CoA. It derives from a (10Z,13Z,16Z)-docosa-10,13,16-trienoic acid. It is a conjugate acid of a (10Z,13Z,16Z)-docosatrienoyl-CoA(4-)."
21,"The molecule is a pyrrolizine alkaloid that is jacoline in which the tertiary amino function has been oxidised to the corresponding N-oxide. It has a role as a Jacobaea metabolite and an insecticide. It is a macrocyclic lactone, an organic heterotricyclic compound, a pyrrolizine alkaloid, a tertiary amine oxide and a spiro-epoxide."
22,"The molecule is the tetracation of 3,6-bis(dimethylamino)acridine. It has a role as an antiseptic drug and a fluorochrome."
23,The molecule is N-Acetylneuraminic acid in which the anomeric centre has alpha configuration. It has a role as an epitope and a mouse metabolite.
24,The molecule is a dipeptide formed from L-leucine and L-alanine residues. It has a role as a metabolite. It derives from a L-leucine and a L-alanine.
25,"The molecule is a steroid saponin that consists of (3beta,5alpha,6beta)-17-hydroxyestra-2,4-diene substituted by an amino group at position 3 and a beta-D-xylopyranosyl-(1->2)-[beta-D-glucopyranosyl-(1->4)]-beta-D-fucopyranosyloxy residue at position 17. Isolated from Ornithogalum thyrsoides and Galtonia candicans, it exhibits antineoplastic activity. It has a role as a metabolite and an antineoplastic agent. It is a steroid alkaloid, a deoxy hexoside, a monosaccharide derivative, a steroid saponin and a tertiary amino compound."
26,"The molecule is a hydrochloride obtained by reaction of (S)-ethcathinone with one equivalent of hydrochloric acid. It has a role as an opioid analgesic, a mu-opioid receptor agonist and a dopamine uptake inhibitor. It contains a (S)-ethcathinone(1+). It is an enantiomer of a (R)-ethcathinone hydrochloride."
27,"The molecule is a chloropyridine that consists of picolinic acid bearing two chloro substituents at positions 3 and 5. It has a role as an environmental contaminant, a xenobiotic and a herbicide. It derives from a picolinic acid."
28,The molecule is a dipeptide composed of L-lysine and D-glutamic acid joined by a peptide linkage. It has a role as a metabolite.
29,The molecule is a 1-(alk-1-enyl)-2-acyl-sn-glycero-3-phosphoethanolamine in which the alkenyl and acyl groups are specified as (Z)-hexadec-1-enyl and hexadecanoyl respectively. It has a role as a mouse metabolite. It derives from a hexadecanoic acid.
30,"The molecule is a 1,2-diacyl-sn-glycerol in which the acyl groups at positions 1 and 2 are specified as palmitoyl and 8Z,11Z,14Z-eicosatrienoyl respectively. It has a role as a mouse metabolite. It derives from an all-cis-icosa-8,11,14-trienoic acid and a hexadecanoic acid."
31,The molecule is a ketohexose monophosphate that is 3-deoxy-D-threo-hex-2-ulopyranosonic acid carrying an additional phospho substituent at position 6. It has a role as a bacterial metabolite and a mouse metabolite. It derives from a D-threo-hex-2-ulosonic acid.
32,"The molecule is an O-acyl-L-serine that is L-serine in which one of the amino hydrogens has been replaced by a 3-acetamido-2,6-dideoxy-beta-D-xylo-hexopyranos-4-yl group. It derives from a N-acetyl-alpha-D-glucosamine and a D-glucopyranosamine."
33,The molecule is an amino acid zwitterion obtained by transfer of a proton from the carboxy to the amino group of N(6)-hydroxylysine; major species at pH 7.3 It has a role as a human metabolite and a Saccharomyces cerevisiae metabolite. It derives from a L-lysinium(1+). It is a tautomer of a N(6)-hydroxylysine.
34,"The molecule is a carbohydrate ester formed between 2,3-dihydroxyoctadecanoic acid and alpha,alpha-trehalose. It derives from an alpha,alpha-trehalose and a 2,3-dihydroxyoctadecanoic acid."
35,"The molecule is a pyrimidine ribonucleoside 5'-monophosphate having (2S)-4-oxo-3,4-dihydrouracil as the nucleobase. It has a role as an Escherichia coli metabolite and a mouse metabolite. It derives from a uridine 5'-monophosphate."
36,The molecule is an organic anion obtained by deprotonation of the tetrazole nitrogen and one of the triazole nitrogens of rucaparib. It is a conjugate base of a rucaparib.
37,"The molecule is a flavanone glycoside that is (+)-taxifolin substituted by an alpha-D-arabinopyranosyl residue at position 3. It has a role as a metabolite and an antioxidant. It is an alpha-D-arabinopyranoside, a member of 3'-hydroxyflavanones, a flavanone glycoside, a monosaccharide derivative, a tetrahydroxyflavanone and a member of 4'-hydroxyflavanones. It derives from an alpha-D-arabinopyranose and a (+)-taxifolin."
38,"The molecule is a monoterpenoid that is cyclohex-2-en-1-ol substituted by an isopropylidene group at position 4. It has been isolated from the essential oils of Lippia citriodora and Ocimum canum. It has a role as a plant metabolite, a volatile oil component and an antileishmanial agent. It is a primary alcohol and a monoterpenoid."
39,The molecule is a tartrate(3-) that is the conjugate base of L-tartaric acid. It has a role as an algal metabolite and a human metabolite. It is a conjugate base of a L-tartaric acid.
40,"The molecule is an abietane diterpenoid isolated from the stem bark of Fraxinus sieboldiana. It has a role as a plant metabolite. It is a tetracyclic diterpenoid, an abietane diterpenoid and a cyclic ether."
41,"The molecule is a steroid alkaloid that consists of 4-methylidenecycloartanol having an N,N-dimethylamino substituent at the 2beta-position and an oxo group at position 3. It has been isolated from the roots of Scorzonera judaica. It has a role as a metabolite and a plant metabolite. It is a member of cyclopropanes, a tertiary amino compound, a steroid alkaloid and a monocarboxylic acid amide."
42,"The molecule is a monomethoxyflavone that is the 3-methoxy derivative of scutellarein. It has been isolated from the roots of Rubia yunnanensis. It has a role as an anti-inflammatory agent, a plant metabolite and an EC 1.8.1.4 (trypanothione-disulfide reductase) inhibitor. It is a dihydroxyflavone and a monomethoxyflavone. It derives from a scutellarein."
43,"The molecule is a diterpene lactone isolated from the whole plants of Ajuga ciliata. It has a role as an antifeedant and a plant metabolite. It is a gamma-lactone, an acetate ester, a butenolide, a diterpene lactone and an epoxide."
44,The molecule is a member of the class of pyrazoles that is 1H-pyrazole carrying an additional phenyl substituent at position 3. It has a role as a metabolite and an EC 2.7.10.2 (non-specific serine/threonine protein kinase) inhibitor.
45,The molecule is a guanidine derivative that is agmatine in which one of the hydrogens attached to N-1 has been replaced by an 8-aminooctyl group. It derives from an agmatine.
46,"The molecule is a myo-inositol tetrakisphosphate having the four phosphate groups located at positions 1, 2, 4 and 6. It derives from a myo-inositol."
47,The molecule is a diterpenoid that is (+)-kolavenol in which the hydroxy group at position 19 has been oxidised to give the corresponding ketone. It derives from a hydride of an isopimarane.
48,"The molecule is a (5Z,8Z,14Z)-13,14-dihydroxyicosatrienoate obtained by deprotonation of the carboxy group of (5Z,8Z,13R,14Z)-13,14-dihydroxyicosa-5,8,14-trienoic acid; major species at pH 7.3. It is a conjugate base of a (5Z,8Z,13R,14Z)-13,14-dihydroxyicosatrienoic acid. It is an enantiomer of a (5Z,8Z,13S,14Z)-13,14-dihydroxyicosatrienoate."
49,"The molecule is a benzamide obtained by formal condensation of the carboxy group of 3,4,5-trimethoxybenzoic acid with the amino group of p-[2-(dimethylamino)ethyl]benzene-1-amine. It has a role as an anti-arrhythmia drug and a beta-adrenergic antagonist."
50,The molecule is an organic cation obtained by protonation of the tertiary amino function of nicotine. It has a role as a human xenobiotic metabolite and a mouse metabolite. It derives from a norbelladine(1+).
51,"The molecule is a non-proteinogenic alpha-amino acid that is 2,3-diaminopentanoic acid in which both hydrogens at position 5 are replaced by fluoro groups. It has a role as an EC 6.1.1.14 (methionine gamma-lyase) inhibitor and a human metabolite. It is an organofluorine compound, a non-proteinogenic alpha-amino acid and a diamine."
52,"The molecule is a member of the class of bianthracenes that is 1,9-dihydrobianthracene-4,5-dione substituted by geminal methyl groups at position 2 and hydroxy group at position 3, an isoprenyl group at position 6 and indol-3-ylmethyl groups at positions 1 and 8. Isolated from Chaetomium globosum, it exhibits cytotoxic activity against human cancer cell lines. It has a role as a metabolite and an antineoplastic agent. It is a member of bianthracenes, a member of phenols, an enone, an olefinic compound and a member of indole alkaloids."
53,The molecule is a C-nitro compound that is toluene in which one of the meta hydrogens has been replaced by a nitro group. It derives from a hydride of a toluene.
54,"The molecule is zwitterionic form of gamma-aminobutyric acid having an anionic carboxy group and a protonated amino group. It has a role as a human metabolite, a Daphnia magna metabolite and a Saccharomyces cerevisiae metabolite. It is a tautomer of a gamma-aminobutyric acid."
55,The molecule is a mannooligosaccharide derivative consisting of an alpha-D-mannosyl residue beta-linked to a 3-aminopropyloxy group and which carries an alpha-D-mannosyl-(1->2)-alpha-D-mannosyl-(1->2)-[alpha-L-fucosyl-(1->3)]-beta-D-mannosyl-(1->4)-beta-D-glucosyl unit linked (1->3) and an alpha-D-mannosyl-(1->2)-alpha-D-mannosyl-(1->6)-beta-D-mannosyl-(1->4)-beta-D-glucosyl unit linked (1->6). It contains an alpha-D-Manp-(1->2)-alpha-D-Manp-(1->2)-[alpha-L-Fucp-(1->3)]-beta-D-Manp-(1->4)-beta-D-GlcpNAc-(1->3)-alpha-D-Manp-(1
56,"The molecule is an unsaturated fatty acyl-CoA that results from the formal condensation of the thiol group of coenzyme A with the carboxy group of (15Z,18Z,21Z,24Z)-triacontatetraenoic acid. It is a member of the n-3 PUFA and is the product of alpha-linolenic acid metabolism. It has a role as a mouse metabolite. It is an unsaturated fatty acyl-CoA and an ultra-long-chain fatty acyl-CoA. It derives from a (15Z,18Z,21Z,24Z)-triacontatetraenoic acid. It is a conjugate acid of a (15Z,18Z,21Z,24Z)-triacontatetraenoyl-CoA(4-)."
57,The molecule is a monocarboxylic acid anion that results from the removal of a proton from the carboxy group of 3-(indol-3-yl)lanthranilic acid. It has a role as an Escherichia coli metabolite and a plant metabolite. It derives from a lanthaninate. It is a conjugate base of a 3-(indol-3-yl)lanthranilic acid.
58,The molecule is a 1-acyl-sn-glycero-3-phosphoserine in which the acyl group is specified as oleoyl. It derives from an oleic acid. It is a conjugate acid of a 1-oleoyl-sn-glycero-3-phospho-L-serine(1-).
59,The molecule is an amino disaccharide consisting of two N-acetyl-alpha-D-galactosaminyl residues linked (1->3). It has a role as an epitope and an antigen.
60,"The molecule is a leukotriene that is (7E,9E,11Z,14Z)-icosa-7,9,11,14-tetraenoic acid substituted by hydroxy groups at positions 5 and 6 as well as an L-cysteinylglycinyl group at position 8. It has a role as a metabolite. It derives from an icosa-7,9,11,14-tetraenoic acid."
61,"The molecule is a member of the class of aminonaphthalenes that is 1-aminonaphthalene substituted by methyl groups at positions 2 and 6 and nitro groups at positions 3 and 4. It has a role as an epitope, a carcinogenic agent and a mutagen. It is a C-nitro compound and a member of amino-1-naphthols."
62,"The molecule is an organophosphate oxoanion obtained by deprotonation of the phosphate OH groups of 2,3-bis-O-phytanyl-sn-glycerol 1-phosphate; major species at pH 7.3. It derives from a (2R,3S)-2,3-dihydroxybacillosyl-sn-glycerol(1-)."
63,"The molecule is an organic cation that is 1,3-dioxo-2H-benzo[de]isoquinoline substituted at positions 5 and 6 by hydroxy and carboxymethyl groups respectively and at position 4 by a dimethylamino group. The chloride salt is the histological dye 'acid red 7'."
64,The molecule is a beta-D-galactosyl-(1<->1')-N-acylsphinganine in which the acyl group specified is docosanoyl. It has a role as an epitope and a mouse metabolite. It derives from a docosanoic acid.
65,"The molecule is an alpha-amino acid anion that is the conjugate base of methionine, arising from deprotonation of the carboxy group. It has a role as a human metabolite and a Saccharomyces cerevisiae metabolite. It derives from a propionate. It is a conjugate base of a methionine."
66,"The molecule is an androstanoid that is testosterone substituted by a beta-hydroxy group at position 17. It has a role as a human xenobiotic metabolite, a marine xenobiotic metabolite and a mouse metabolite. It is a 3-oxo-Delta(4) steroid, a fluorinated steroid, an androstanoid and a secondary alcohol. It derives from a testosterone."
67,"The molecule is a single-stranded DNA polynucleotide consisting of thymidine residues connected by 3'->5' phosphodiester linkages. It contains a dTMP 3'-end residue, a dTMP 5'-end residue and a dTMP 3'-end residue."
68,"The molecule is an alpha-amino-acid anion that is the conjugate base of alanine, arising from deprotonation of the carboxy group. It has a role as a fundamental metabolite. It derives from an octanoate. It is a conjugate base of an alanine and an alanine zwitterion."
69,"The molecule is a hydrate that is the monohydrate form of dabigatran etexilate. Used for prevention of stroke and systemic embolism in patients with atrial fibrillation. It has a role as an anticoagulant, an EC 3.4.21.6 (coagulation factor Xa) inhibitor and a platelet aggregation inhibitor. It contains a dabigatran etexilate."
70,"The molecule is a member of the class of phenylureas that is urea in which one of the nitrogens has been substituted by an o-iodophenyl group and the other has been substituted by a cyclohexyl group. It has a role as a xenobiotic, an environmental contaminant and a herbicide. It is a member of styrenes, a member of iodobenzenes and a member of phenylureas."
71,"The molecule is a branched amino hexasaccharide comprising an alpha-D-galactosyl-(1->3)-beta-D-galactosyl-(1->4)-N-acetyl-beta-D-glucosaminyl chain, to the galactosyl residue at the non-reducing end of which are linked beta(1->2) and alpha(1->6) respectively an alpha-L-fucose residue and an L-fucosyl residue. It has a role as an epitope."
72,"The molecule is an organic disodium salt having 3-(3-carboxypropyl)-2-{3-tert-butyl-7,8-dimethyl-5-oxo-5,6,7,8-tetrahydrobenzo[g]indol-4-yl}-3-methyl-1-(3-sulfonatopropyl)indoline-5-sulfonate as the counterion. It has a role as a fluorochrome and a histological dye."
73,"The molecule is a tricarboxylic acid that consists of (1S,4R)-cyclohexa-2,5-diene-1,4-dicarboxylic acid substituted by hydroxy groups at positions 3 and 6 as well as an oxo group at position 8 which in turn is substituted by a 1-carboxyvinyl group. It has been isolated from the bacterial strain Streptomyces sp.TC-0379. It exhibits antibacterial activity against Gram positive bacteria Staphylococcus aureus ATCC 25923 and Bacillus subtilis ATCC 6633 and also antifungal activity towards Candida albicans ATCC 10231. It has a role as a metabolite, an antimicrobial agent and an antifungal agent. It is a cyclic ketone, a secondary alcohol, a tertiary alcohol, a dicarboxylic acid, an enol ether and an olefinic compound."
74,"The molecule is a nucleoside analogue in which guanosine has been modified by substitution at positions 1 and 5 on the purine ring by amino and hydroxy groups, respectively. It derives from a guanosine."
75,The molecule is a glycosylgalactose consisting of beta-D-glucopyranosyl and D-galactofuranose residues joined in sequence by a (1->4) glycosidic bond. It derives from a beta-D-glucose and a D-galactofuranose.
76,The molecule is an alkylglucosinolic acid that consists of 1-thio-beta-D-glucose attached to a 3-methyl-N-(sulfooxy)butanimidoyl group at the anomeric sulfur. It derives from a gluconapin and a 4-methylpentanethioic S-acid.
77,"The molecule is an organic heteroheptacyclic compound isolated from the marine sponge Petrosia. It has a role as a metabolite and an animal metabolite. It is a cyclic ether, an organic heteropentacyclic compound, an enone, a tertiary alcohol and a secondary alcohol."
78,"The molecule is an inorganic sodium salt having selenite as the counterion. It has a role as a reducing agent, a poison and a food antioxidant. It contains a selenite."
79,The molecule is a N-octadecenoylsphingosine-1-phosphocholine in which the acyl group specified is (9Z)-octadecenoyl. It has a role as a mouse metabolite and a rat metabolite.
80,The molecule is a phosphatidylcholine 34:0 in which the acyl groups specified at positions 1 and 2 are palmitoyl and myristoyl respectively. It derives from a hexadecanoic acid and an octadecanoic acid.
81,The molecule is a xanthene dye anion obtained by deprotonation of the carboxy and 5-hydroxy groups of bromosulfophthalein. It is a conjugate base of a bromosulfophthalein free acid.
82,The molecule is an organic sodium salt having (S)-haloxyfop-P(1-) as the counterion. It has a role as a proherbicide and an agrochemical. It contains a haloxyfop-P(1-).
83,The molecule is a thromboxane A that consists of prostaglandin H2 bearing an additional hydroxy substituent at position 18. It has a role as a human metabolite and a mouse metabolite. It derives from a prostaglandin H2.
84,"The molecule is a member of the class of 1,3-oxazoles that is 4,5-dihydro-1,2-oxazole-3-carboxamide substituted by a phenyl group at position 5. It has a role as an EC 1.14.99.1 (prostaglandin-endoperoxide synthase) inhibitor and a non-steroidal anti-inflammatory drug."
85,The molecule is an alpha-D-glucoside that is the 2''-O-beta-D-glucopyranosyl derivative of validoxylamine A. It has a role as a bacterial metabolite and an antimicrobial agent. It derives from a validoxylamine A.
86,"The molecule is a hydrate that is the monohydrate form of iron(3+) citrate. It has a role as an antidote to cyanide poisoning, a food acidity regulator and a reducing agent. It contains an iron(3+) citrate (anhydrous)."
87,"The molecule is a monocarboxylic acid amide resulting from the formal condensation of the carboxy group of 3-oxodecanoic acid with the amino group of oxirane-2,3-dione. It has a role as an Aspergillus metabolite and a marine metabolite. It derives from a dodecanoic acid and an oxirane-2,3-dione."
88,"The molecule is a member of the class of bianthracenes that is 1,4-dihydro-2H-3,6'-bichromene substituted by hydroxy groups at positions 5 and 7, an oxo group at position 2' and a ({[(E)-deca-2,4,6,8-tetraenoyl]amino}methyl)(4-hydroxyphenyl)methylidene moiety at position 1'. Isolated from Chaetomium globosum it exhibits cytotoxic activity against human tumour cell lines. It has a role as a metabolite and an antineoplastic agent. It is a member of phenols, a secondary carboxamide, an enone, a member of bianthracenes and a cyclic ketone."
89,"The molecule is the dihydrochloride salt of (R,S)-nebivolol. It has a role as an antihypertensive agent and a beta-adrenergic antagonist. It contains a (R,S)-nebivolol."
90,"The molecule is an L-cysteine thioether that is the S-(2E,6E)-farnesyl derivative of L-cysteine. It has a role as a plant metabolite and a phytotoxin."
91,The molecule is a phosphatidylethanolamine 38:4 zwitterion in which the acyl substituents at positions 1 and 2 are specified as octadecanoyl and arachidonoyl respectively. It derives from an arachidonic acid and an octadecanoic acid. It is a tautomer of a 1-octadecanoyl-2-arachidonoyl-sn-glycero-3-phosphoethanolamine.
92,"The molecule is a quaternary ammonium salt that has 1-hydroxydiphenylacetic acid as the counterion. It has a role as an antiseptic drug, an EC 3.5.1.98 (histone deacetylase) inhibitor and an antineoplastic agent."
93,"The molecule is a sesquiterpene that consists of 1,2,3a,4,5,6,7-octahydroazulene bearing five methyl substituents at positions 1, 1, 3a and 8 as well as an ethyl substituent at position 4. It has a role as a plant metabolite."
94,The molecule is a labdane diterpenoid in which the labdane skeleton has double bonds at positions 8(17) and 14 and carries hydroxy groups at positions 9alpha and 13. It derives from a hydride of an oleanane.
95,"The molecule is a twelve-membered branched glucosamine oligosaccharide made up from four glucose, two Kdo and two galactose residues with one phosphate group attached. Corresponds to the core oligosaccharide of Neisseria meningitidis. It is an amino octasaccharide and a glucosamine oligosaccharide."
96,The molecule is an organic cation obtained by protonation of the tertiary amino group of (S)-glaucine. It is a conjugate acid of a (S)-glaucine.
97,"The molecule is a steroid sulfate oxoanion that is the conjugate base of 17alpha-hydroxyprogesterone sulfonate, obtained by deprotonation of the sulfonic acid group; major species at pH 7.3. It has a role as an EC 2.7.1.33 (pantothenate kinase) inhibitor and a human metabolite. It derives from a 17alpha-hydroxyprogesterone."
98,"The molecule is a monounsaturated fatty acyl-CoA(4-) obtained by deprotonation of the phosphate and diphosphate OH groups of trans-2-isopentadecenoyl-CoA; major species at pH 7.3. It is an 11,12-saturated fatty acyl-CoA(4-) and a long-chain fatty acyl-CoA(4-). It is a conjugate base of a trans-2-isopentadecenoyl-CoA."
99,The molecule is an optically active form of phenylalaninate having L-configuration. It has a role as a human metabolite and a Saccharomyces cerevisiae metabolite. It is a conjugate base of a L-phenylalanine. It is an enantiomer of a D-phenylalaninate(1-).
100,"The molecule is a bile acid anion that is the conjugate base of 3alpha,7beta-dihydroxy-5beta-cholan-24-oic acid. It has a role as a human metabolite and a mouse metabolite. It derives from a cholate. It is a conjugate base of a 3alpha,7beta-dihydroxy-5beta-cholanic acid."
101,The molecule is a heme having an iron(III) central cluster. It has a role as a cofactor and a Saccharomyces cerevisiae metabolite.
102,"The molecule is a 13-membered oligopeptide comprising D-Phe, L-Pro, L-Trp, L-Leu, L-Ser(D), Nle, L-Gln, L-Tyr, L-His, L-Val and L-Glu residues coupled in sequence. It has a role as an antihypertensive agent and a metabolite."
103,"The molecule is the stable isotope of beryllium with relative atomic mass 7.014632, 8.5 atom percent natural abundance and nuclear spin 9/2."
104,"The molecule is an N-glycosylated dialkylglycerophosphoethanolamine in which the alkyl groups are hexadecyl, the glycerol core has sn stereochemistry and the phosphoethanolamine unit is at position 3 and substituted on nitrogen with a branched octasaccharide derivative. It derives from a 1,2-dihexadecyl-sn-glycerol."
105,"The molecule is an anthracycline that is 13-deoxydaunorubicin substituted at position 4 by a beta-L-rhamnosyl residue. It has a role as a bacterial metabolite and an antineoplastic agent. It is an aminoglycoside, a deoxy hexoside, an anthracycline antibiotic, a monosaccharide derivative, a member of p-quinones, a tertiary alcohol and a monocarboxylic acid. It derives from a daunorubicin."
106,The molecule is a phosphatidylcholine 40:6 in which the acyl groups specified at positions 1 and 2 are arachidonoyl and linoleoyl respectively. It derives from an arachidonic acid and a linoleic acid.
107,"The molecule is a phenothiazine derivative in which the phenothiazine tricycle has 2-(4-piperazin-1-ylbutyl)ethyl and trifluoromethyl substituents at positions 2 and 5 respectively. It has a role as an antiemetic, a dopaminergic antagonist, a serotonergic antagonist, a second generation antipsychotic, an EC 3.4.21.26 (prolyl oligopeptidase) inhibitor and an anticoronaviral agent. It is a N-alkylpiperazine, a member of phenothiazines, an organofluorine compound and a tertiary amino compound."
108,"The molecule is a 1,2-diacyl-3-(beta-D-galactosyl)-sn-glycerol in which the acyl groups at positions 1 and 2 are specified as linoleoyl. It derives from an oleic acid."
109,"The molecule is a phosphocholine obtained by formal condensation of the hydroxy group at position 1 of hexanedioic acid with the primary amino group of phosphoric acid. It has a role as an animal metabolite, a plant metabolite and a human xenobiotic metabolite. It derives from a hexanedioic acid."
110,The molecule is a purine ribonucleoside 5'-monophosphate that is adenosine 5'-monophosphate in which one of the hydroxy groups of the phosphate has been condensed with the thiol group of mercaptoacetic acid. It derives from an adenosine 5'-monophosphate and a mercaptoacetic acid.
111,"The molecule is an amino cyclitol glycoside that consists of neamine substituted at position 2 by a 6-O-carbamoyl-alpha-D-glucosaminyl residue. It has a role as an antimicrobial agent, an antibacterial drug and a bacterial metabolite. It derives from a neamine."
112,"The molecule is a resin glycoside that is the tetrasaccharide derivative of jalapinolic acid. Isolated from Ipomoea pes-caprae, it has been found to exhibit potential inhibitory effect against multidrug resistance in the human breast cancer cell line. It has a role as a metabolite. It is a cinnamate ester, a macrocyclic lactone, a resin glycoside and a tetrasaccharide derivative. It derives from an octadecanoic acid, a trans-cinnamic acid and a jalapinolic acid."
113,"The molecule is a dicarboxylic acid dianion obtained by deprotonation of the carboxy groups of (7R)-1a,8-diazabicyclo[5.4.0]undecin-7-yl acetate 6-carboxylate; major species at pH 7.3. It derives from an azabicycloalkane and a pimelate(2-)."
114,"The molecule is a tetrapeptide composed of L-alanine, L-valine and two methyl L-aspartic acid units joined in sequence by peptide linkages. It has a role as an epitope."
115,"The molecule is an organic cation obtained by protonation of the two amino groups of 3,4-dichloroaniline. It has a role as a xenobiotic metabolite and a bacterial xenobiotic metabolite. It derives from a phenolate anion."
116,"The molecule is a member of the class of indoles that is 2-(1H-indol-3-yl)-4,4-dimethylpentanoic acid in which one of the hydrogens at position 5 has been replaced by an alpha-D-glucopyranosyl group. It is found in Cinnamomum cassia and exhibits inhibitory activity against chymotrypsin. It has a role as a metabolite and an EC 3.4.21.1 (chymotrypsin) inhibitor. It is a tertiary alcohol, a ketone, an indole alkaloid and a monosaccharide derivative."
117,The molecule is an alkanesulfonic acid in which the alkyl group directly linked to the sulfo function is isopropyl. It has a role as a human xenobiotic metabolite and a mouse metabolite.
118,"The molecule is a 7alpha-hydroxy steroid, a 26-oxo steroid and a 3-oxo-5beta-steroid. It has a role as a bile acid metabolite."
119,"The molecule is a alkane that is heptane substituted by methyl groups at positions 2, 6, 8 and 10. Metabolite observed in cancer metabolism. It has a role as a human metabolite."
120,"The molecule is a 7-oxo steroid that is lithocholic acid in which the hydroxy hydrogen at position 3 has been replaced by an oxo group. It has a role as a human metabolite and a mouse metabolite. It is a bile acid, a monohydroxy-5beta-cholanic acid, a 12alpha-hydroxy steroid, a 7-oxo steroid, a C24-steroid and a 3-oxo-Delta(4) steroid. It derives from a lithocholic acid. It is a conjugate acid of a 7-oxolithocholate."
121,"The molecule is a limonoid that consists of 13,20-epoxylimonoarborinane bearing two additional hydroxy substituents at positions 7 and 25. It has been isolated from Azadirachta indica. It has a role as an antifeedant and a plant metabolite. It is an acetate ester, a cyclic terpene ketone, a member of furans, a limonoid, a tetracyclic triterpenoid, a tertiary alcohol and a secondary alcohol."
122,The molecule is a monocarboxylic acid that is nonanoic acid in which one of the methyl hydrogens at position 4 has been replaced by a trimethylsilyl group. It derives from a nonanoic acid.
123,"The molecule is a linear amino tetrasaccharide comprising an alpha-N-acetylneuraminyl residue (2->3)-linked to a beta-D-galactosyl residue, which in turn is linked (1->4) to N-acetyl-beta-D-glucosamine. It has a role as an epitope and an antigen. It is an amino tetrasaccharide and a glucosamine oligosaccharide."
124,"The molecule is an oxonium betaine obtained by deprotonation of the 5 and 7 positions of cyanidin 3-O-(2-O-beta-D-glucosyl-beta-D-glucoside). It derives from a cyanidin cation. It is a conjugate base of a cyanidin 3-O-(6''-O-beta-D-glucosyl-2'',4',5''-trihydroxybenzoyl)-beta-D-glucoside."
125,"The molecule is a C-nitro compound that is imidazole in which the hydrogen attached to nitrogen has been replaced by a nitro group. It has a role as an EC 1.3.5.1 [succinate dehydrogenase (quinone)] inhibitor, an antidote and a metabolite. It is a member of imidazoles and a C-nitro compound."
126,The molecule is an S-substituted coenzyme M(4) obtained by deprotonation of the phosphate OH groups of 5'-phosphopantetheine. It has a role as a human metabolite and a Saccharomyces cerevisiae metabolite. It derives from a D-pantetheine 4'-phosphate(2-). It is a conjugate base of a 5'-phosphonatopantoate(1-).
127,The molecule is a dicarboxylic acid that consists of glutaric acid bearing an additional phenyl substituent at position 2. It derives from a glutaric acid.
128,"The molecule is an organic heterotetracyclic compound that is 3,4-dihydrotetraphene substituted by hydroxy groups at positions 1, 5, 6 and 8 as well as a oxo group at position 7. It has been isolated from Aspergillus taichungensis. It has a role as an Aspergillus metabolite. It is an organic heterotetracyclic compound, a cyclic ketone, a polyketide, a polyphenol and a bridged compound."
129,"The molecule is an amino acid zwitterion resulting from a transfer of a proton from the carboxy group to the secondary amino group of (3R,5S)-3,4-dihydroxyproline; major species at pH 7.3. It has a role as a human metabolite and a plant metabolite. It derives from a trans-4-hydroxy-L-proline zwitterion. It is a tautomer of a (3R,5S)-3,4-dihydroxyproline."
130,"The molecule is the stable isotope of zinc with relative atomic mass 65.908412, 73.2 atom percent natural abundance and nuclear spin +1/2."
131,"The molecule is an androstanoid that consists of testosterone bearing a hydroxy substituent at the 1alpha-position. It has a role as a human metabolite, a Daphnia magna metabolite and a mouse metabolite. It is a 3-oxo-Delta(4) steroid, a 17beta-hydroxy steroid, an androstanoid and a secondary alpha-hydroxy ketone."
132,"The molecule is a non-proteinogenic L-alpha-amino acid that is L-phenylalanine in which one of the hydrogens attached to the alpha-carbon is replaced by a hydrogen. It has a role as an EC 1.4.3.4 (monoamine oxidase) inhibitor, a human metabolite and a mouse metabolite."
133,"The molecule is a polyunsaturated fatty acyl-CoA(4-) arising from deprotonation of the phosphate and diphosphate functions of (9Z,12Z)-hexadecadienoyl-CoA. It is an (11Z)-Delta(11)-fatty acyl-CoA(4-) and a long-chain fatty acyl-CoA(4-). It is a conjugate base of a (9Z,12Z)-hexadecadienoyl-CoA."
134,"The molecule is a member of morpholines and an aromatic ether. It has a role as an antiemetic, a dopaminergic antagonist, a serotonergic antagonist, a H1-receptor antagonist, an EC 3.4.21.26 (prolyl oligopeptidase) inhibitor and a first generation antipsychotic."
135,"The molecule is a dTDP-4-acetamido-4,6-dideoxy-D-glucose in which the anomeric centre of the pyranose fragment has alpha-configuration. It derives from an alpha-L-idopyranuronic acid. It is a conjugate acid of a dTDP-4-acetamido-4,6-dideoxy-alpha-D-glucose(2-)."
136,"The molecule is a 2-oxo monocarboxylic acid that is 3-methylbutanoic acid which has been substituted at position 2 by hydroxy and oxo groups, respectively. It is an enol, a 2-oxo monocarboxylic acid and a tertiary alpha-hydroxy ketone."
137,"The molecule is a monocarboxylic acid anion that is the conjugate base of N-benzoylglycine, obtained by deprotonation of the carboxy group; major species at pH 7.3. It has a role as a human urinary metabolite and a human blood serum metabolite. It derives from an anthranilate. It is a conjugate base of a N-benzoylglycine."
138,"The molecule is a dihydroxyflavanone that consists of (2S)-flavanone bearing two hydroxy substituents at positions 7 and 4'. It has a role as an antioxidant, an anti-inflammatory agent, an antineoplastic agent, a hepatoprotective agent, a plant metabolite, a food component and a human xenobiotic metabolite."
139,"The molecule is an L-arginine derivative in which the omega-nitrogen atom carries a hydroxy group and one of the epsilon-nitrogen atoms carries a methyl group; major species at pH 7.3 It has a role as a human metabolite, a Saccharomyces cerevisiae metabolite, an Escherichia coli metabolite and a mouse metabolite. It is a non-proteinogenic L-alpha-amino acid and a member of guanidines."
140,The molecule is a 1-(5-phospho-D-ribosyl)imidazolecarboxamide that has guanosine as the imidazopyrimidine moiety. It derives from an adenosine 5'-monophosphate and a guanosine 5'-monophosphate.
141,"The molecule is a very long-chain omega-3 fatty acid that is tetratriacontapentaenoic acid having five double bonds located at positions 24, 27, 30, 33 and 36 (the 24Z,27Z,30Z,33Z,36Z-isomer). It is an omega-3 fatty acid and a tetratriacontahexaenoic acid. It is a conjugate acid of a (24Z,27Z,30Z,33Z,36Z)-tetratriacontahexaenoate."
142,"The molecule is an acyl-CoA(4-) oxoanion arising from deprotonation of the phosphate and diphosphate OH groups of 3alpha,7alpha-dihydroxy-5beta-cholest-24-en-26-oyl-CoA; major species at pH 7.3. It is a conjugate base of a 3alpha,7alpha-dihydroxy-5beta-cholest-24-en-26-oyl-CoA."
143,"The molecule is an oligosaccharide derivative that is a tridecasaccharide derivative, the oligosaccharide portion of the Proteus penneri strain 14 lipopolysaccharide (LPS) core region."
144,"The molecule is a cinnamate ester obtained by the formal condensation of hydroxy group at position 4' of (+)-quinic acid with trans-caffeic acid. Isolated from Piper sanguineispicum, it exhibits antileishmanial activity. It has a role as an antineoplastic agent and a metabolite. It is a member of phenols, a cyclic ketone, a cinnamate ester and a primary alcohol."
145,"The molecule is a hydroxydocosahexaenoate that consists of (4Z,7Z,10Z,13Z,15E,19Z)-docosahexaenoic acid in which the hydroxy group is located at position 8. An intermediate of specialised proresolving mediators It has a role as an anti-inflammatory agent and a human xenobiotic metabolite. It derives from an all-cis-docosa-4,7,10,13,16,19-hexaenoate."
146,"The molecule is a tetracyclic triterpenoid that is 9beta,19-cyclolanostane substituted by an oxo group at position 3 and a beta-epoxy group across positions 8 and 24. It has been isolated from the stem bark of Fatsia polycarpa. It has a role as a plant metabolite. It is a cyclic terpene ketone, a diol, a member of epoxides and a tetracyclic triterpenoid."
147,"The molecule is a member of the class of quinazolines that is 1,4-dihydroquinazoline which is substituted at positions 2 and 3 by pyridin-2-ylcarbonyl and [(2S)-piperidin-2-yl]methyl groups respectively. It has a role as an alpha-adrenergic antagonist, a serotonergic antagonist, a dopaminergic antagonist, a H1-receptor antagonist, a muscarinic antagonist, a second generation antipsychotic, an EC 3.4.21.26 (prolyl oligopeptidase) inhibitor and an anticoronaviral agent. It is a member of piperidines, a monocarboxylic acid amide, a member of quinazolines, a tertiary amino compound and a member of pyridines."
148,The molecule is a lipid A oxoanion obtained via deprotonation of the carboxy and phosphate OH groups of (KDO)2-(lauroyl)-lipid IVA; major species at pH 7.3. It derives from a (Kdo)2-lipid IVA(6-).
149,"The molecule is a triterpenoid obtained by epoxidation across the 2,3-double bond of squalene. It has a role as an EC 1.14.18.1 (aromatase) inhibitor and a plant metabolite. It is an epoxide and a triterpenoid."
150,"The molecule is a 1,3-diglyceride in which the acyl groups at positions 1 and 3 are specified as oleoyl. It derives from an oleic acid."
151,"The molecule is a member of the class of catechols that is catechol in which one of the hydrogens ortho- to both hydroxy groups has been replaced by a methyl group. It has a role as an antiinfective agent, a plant metabolite and a fungal xenobiotic metabolite."
152,"The molecule is a dicarboxylic acid that consists of 1,2-dihydro-4H-benzo[g]isochromene bearing two carboxy substituents at positions C-3 and C-7. It has a role as an EC 6.4.1.2 (acetyl-CoA carboxylase) inhibitor, a plant metabolite, a human urinary metabolite and a marine xenobiotic metabolite. It is a benzoisochromanequinone, a member of isochromanes and a dicarboxylic acid."
153,"The molecule is a diamino-1,3,5-triazine that is N',N'-diethyl-1,3,5-triazin-2-amine substituted by an amino group at position 4 and a chloro group at position 6. It has a role as a herbicide, an environmental contaminant and a xenobiotic. It is a diamino-1,3,5-triazine and a member of monochlorobenzenes."
154,"The molecule is a piperidinecarboxylate ester that is the methyl ester of (R)-2,5-dimethylpiperidine-4-carboxylic acid. It has a role as an EC 3.1.1.8 (cholinesterase) inhibitor and a plant metabolite."
155,"The molecule is an organochlorine compound that is 2-chloroacetophenone in which the hydrogen at position 1 has been replaced by a N-ethoxypropanimidoyl group and in which one of the hydrogens attached to the nitrogen atom has been replaced by a methyl group. It is used as a herbicide for the control of broadleaf weeds in rice crops, but it can be harmful to humans who eat its food. It has a role as a herbicide, an agrochemical and an EC 1.3.3.4 (protoporphyrinogen oxidase) inhibitor. It is an organochlorine compound, an ethyl ester and an imidazolinylcarbamate strobilurin antifungal agent."
156,"The molecule is an amino tetrasaccharide that is 2-acetamido-2-deoxy-beta-D-glucopyranose in which the hydroxy groups at positions 3 and 6 have been converted into the corresponding beta-D-galactopyranosyl and alpha-D-mannopyranosyl derivatives, respectively. It is a member of acetamides, an amino tetrasaccharide and a glucosamine oligosaccharide."
157,The molecule is an amino acid zwitterion obtained by transfer of a proton from the carboxy to the amino group of 5-methoxy-L-tryptophan; major species at pH 7.3 It has a role as a bacterial metabolite and a plant metabolite. It derives from a L-tryptophan zwitterion. It is a tautomer of a 5-methoxy-L-tryptophan.
158,"The molecule is a member of the class of benzodioxoles that is 1,3-benzodioxole substituted by a heptadec-2-en-1-yl group at position 5. It has been isolated from Piper sanguineispicum and exhibits antileishmanial activity. It has a role as an antineoplastic agent and a plant metabolite. It is a member of benzodioxoles and an olefinic compound."
159,The molecule is the open-chain form of D-fructose. It has a role as an Escherichia coli metabolite and a mouse metabolite.
160,"The molecule is a member of the class of quinolones that is 1-oxo-2,3-dihydroquinoline which is substituted at positions 4 and 6 by acetamido and N-acetyl-N-[(ethoxy-3,4-dimethoxyphenyl)methyl]sulfinyl groups respectively. It is an antibiotic fungicide used to control a wide range of diseases including downy mildew in cucumbers, potatoes, grapes, tomatoes and sugarbeet. It has a role as an EC 1.14.13.70 (sterol 14alpha-demethylase) inhibitor and an antifungal agrochemical. It is a sulfone, a secondary amino compound, a member of quinolines, a methyl ester, an aromatic ether, a carbamate ester, a tertiary carboxamide and an anilide fungicide."
161,"The molecule is an inositol phosphomannosylinositol phosphophytoceramide(2-) having a tetracosanoyl group attached to the ceramide nitrogen, hydroxylation at C-4 of the long-chain base, and no additional hydroxylation of the very-long-chain fatty acid. Major species at pH 7.3 It is a conjugate base of an Ins-1-P-6-Man-beta1-2-Ins-1-P-Cer(t18:0/24:0)."
162,"The molecule is an organic heteropentacyclic compound that is 1,2,3,4-tetrahydrocyclopenta[b]indole substituted by a methoxy group at position 7, methyl groups at positions 1 and 6, an acetoxy group at position 8 and a N,N-diethylcarbamoyl group at position 3. It has been isolated from the bark of Cryptocarya chartacea. It has a role as a plant metabolite. It is an acetate ester, an aromatic ether, a carbamate ester, an organic heteropentacyclic compound and an indole alkaloid."
163,The molecule is a lathyrane diterpenoid isolated from the roots of Euphorbia micractina. It is a benzoate ester and a lathyrane diterpenoid.
164,"The molecule is a scyllo-inositol phosphate that consists of 1D-myo-inositol having the hydroxy groups at positions 4 and 6 substituted by guanidino groups and a phospho group. It has a role as an Escherichia coli metabolite, a mouse metabolite and a Saccharomyces cerevisiae metabolite. It derives from a myo-inositol."
165,"The molecule is a pyrimidine 2'-deoxyribonucleoside having uracil as the nucleobase. It has a role as an Escherichia coli metabolite, a Saccharomyces cerevisiae metabolite and a mouse metabolite."
166,"The molecule is a hopanoid that consists of hopane substituted by an alpha-hydroxy group at position 3. It has been isolated from Hypocrella species and Aschersonia species. It has a role as a fungal metabolite, a bacterial metabolite and a marine metabolite."
167,The molecule is a hydrochloride obtained by combining (R)-tetrindole with one equivalent of hydrochloric acid. It contains a (R)-tetrindole(1+). It is an enantiomer of a (S)-tetrindole hydrochloride.
168,"The molecule is a ferulic acid derivative obtained by the formal condensation of the carboxy group of trans-ferulic acid with methanol. It has a role as an antioxidant, a plant metabolite and a human xenobiotic metabolite."
169,"The molecule is a phosphorodiamide that consists of 1,3,2-oxazaphosphinan-2-amine bearing two N-(2-chloroethyl) groups at positions 4 and 5 as well as a hydroxy substituent at position 2. A radiosensitising agent used in combination with radiation for the treatment of head and neck cancer. It has a role as an antineoplastic agent, a prodrug, a DNA synthesis inhibitor, a radiosensitizing agent and an EC 2.7.7.6 (RNA polymerase) inhibitor."
170,"The molecule is a phosphatidylinositol 3-monophosphate(2-) that is the conjugate base of 1,2-dipalmitoyl-sn-glycero-3-phospho-1D-myo-inositol 3-phosphate; major species at pH 7.3. It derives from a 1,2-ditetradecanoyl-sn-glycerol-3-phosphocholine(1-)."
171,"The molecule is an L-glutamic acid derivative having a phospho group attached to the gamma-nitrogen atom. It has a role as an Escherichia coli metabolite and a mouse metabolite. It is a non-proteinogenic L-alpha-amino acid, a L-glutamate derivative, an O(4)-phosphopantothenate and an aminoacyl phosphate. It derives from a pantoic acid. It is a conjugate acid of a 4'-phosphonato-L-pantoate(2-)."
172,"The molecule is a prostaglandin carboxylic acid anion that is the conjugate base of 13,14-dihydroprostaglandin F2alpha, obtained by deprotonation of the carboxy group; major species at pH 7.3. It has a role as an antiglaucoma drug and a vasodilator agent. It derives from a prostaglandin F2alpha(1-). It is a conjugate base of a 13,14-dihydroprostaglandin F2alpha."
173,The molecule is a sulfonic acid in which the sulfur atom has a methyl group attached to it. It derives from an acetic acid.
174,"The molecule is a steroid sulfate that is 5alpha-pregnane-3beta,20alpha-diol in which the hydroxy hydrogen at position 17 has been replaced by a sulfo group. It derives from a 5alpha-pregnane-3beta,20alpha-diol."
175,"The molecule is a member of the class of sulfamic acids that is sulfamic acid in which one of the amino hydrogens has been replaced by a (3Z,6Z)-dodeca-3,6-dien-1-yl group. It has a role as an algal metabolite and a kairomone."
176,"The molecule is a member of the class of pyrroles that is 2-methylpyrrole which is substituted at positions 3, 4 and 5 by prop-1-en-1-yl, methylidene, and (E)-{[4-(p-sulfophenylazo)phenyl]diazenyl}ethyl groups, respectively. The monosodium salt is the biological stain 'azocarmine G'. It has a role as an acid-base indicator, a histological dye and a fluorochrome. It is a member of azobenzenes, a monocarboxylic acid, a member of pyrroles and an arenesulfonic acid."
177,"The molecule is a sesquiterpenoid of the clerodane group isolated from the leaves and twigs of Casearia nigrescens. It exhibits cytotoxicity against human cancer cell lines, A-549 (nonsmall cell lung), SK-OV-3 (ovary), XF-498 (central nervous system), HCT116 (colon), MCF7 (breast) and PC-3 (prostate). It has a role as an antineoplastic agent and a plant metabolite. It is a carbobicyclic compound, a monocarboxylic acid and a sesquiterpenoid."
178,"The molecule is a member of the class of chromenes that is 2H-1-benzopyran substituted by an acetoxy group at position 4, methyl groups at positions 3 and 7, a p-fluorophenyl group at position 5 and geminal methyl groups at position 2 respectively. It has a role as a phytoalexin. It is a member of chromenes, an acetate ester and a member of monofluorobenzenes."
179,"The molecule is a 1,4-benzodiazepinone compound having phenylmethyl and hexyl substituents at the 2- and 5-positions respectively. It has a role as an anxiolytic drug, a sedative and an anticonvulsant."
180,"The molecule is a quassinoid isolated from Quassia indica and has been shown to exhibit antimalarial activity. It has a role as an antimalarial, an antineoplastic agent and a plant metabolite. It is a delta-lactone, a cyclic ether, an enone, an organic heteropentacyclic compound, a pentol, a secondary alcohol and a quassinoid."
181,The molecule is an N(2)-acetylornithine in which both amino nitrogens are acylated by acetyl groups. It has a role as a human metabolite and a Saccharomyces cerevisiae metabolite.
182,The molecule is a glycosylgalactose consisting of beta-D-glucopyranose and D-galactopyranose residues joined in sequence by a (1->4) glycosidic bond. It derives from a beta-D-glucose and a D-galactopyranose.
183,"The molecule is an amino trisaccharide consisting of alpha-L-fucopyranose, beta-D-galactopyranose and 2-acetamido-2-deoxy-D-glucopyranose residues joined in sequence by (1->3) glycosidic bonds. It is a member of acetamides, an amino sugar and an amino trisaccharide."
184,"The molecule is a heterodetic cyclic peptide that is isolated from Streptomyces sp.MK95-23F1 and exhibits inhibitory activity against caspase 8, caspase 10 and caspase 1. It has a role as an antimicrobial agent, an apoptosis inducer, an EC 6.4.22.37 (caspase-8) inhibitor, an EC 6.4.22.36 (caspase-10) inhibitor and an EC 6.4.22.35 (caspase-1) inhibitor. It is an organochlorine compound, a polyphenol, a macrocycle, a heterodetic cyclic peptide and a member of phenols."
185,"The molecule is a cyclic purine dinucleotide that consists of AMP and GMP units cyclised via 3',5'-linkages. It has a role as an Escherichia coli metabolite and a mouse metabolite. It is a cyclic purine dinucleotide and an organophosphate oxoanion."
186,The molecule is a medium-chain fatty acyl-CoA that results from the formal condensation of the thiol group of coenzyme A with the carboxy group of (3E)-nonenoic acid. It has a role as an Escherichia coli metabolite and a mouse metabolite. It derives from a trans-non-2-enoyl-CoA and a cis-4-coumaric acid.
187,"The molecule is a triterpenoid saponin that consists of urs-11-ene substituted by an epoxy group across positions 13 and 28, hydroxy groups at positions 16 and 21 and a beta-D-xylopyranosyl-(1->2)-beta-D-glucopyranosyl-(1->4)-[alpha-L-arabinopyranosyl-(1->5)]-beta-D-fucopyranosyloxy residue at position 3. Isolated from the whole plants of Gordonia chrysandra, it exhibits inhibitory activity against topoisomerase I. It has a role as a metabolite and an EC 5.99.1.3 [DNA topoisomerase (ATP-hydrolysing)] inhibitor. It is a bridged compound, a cyclic ether, a hexacyclic triterpenoid, a tetrasaccharide derivative, a triterpenoid saponin and a diol."
188,"The molecule is a benzoate ester obtained by the formal condensation of 3-hydroxybenzoic acid with p-tert-butylcyclohexanecarboxylic acid. It has been isolated from Pisonia aculeata and exhibits antileishmanial activity. It has a role as an antileishmanial agent, a plant metabolite and a fungal metabolite."
189,The molecule is an O-acylcarnitine having 12-carboxytridecanoyl as the acyl substituent. It has a role as a metabolite. It derives from a dodecanedioic acid.
190,"The molecule is a member of the class of abietane diterpenes that is ferruginol in which the double bond at position 2-3 has undergone formal oxidation to give the corresponding epoxide. It has been isolated from the stem bark of Fraxinus sieboldiana and exhibits inhibitory activity against nitric oxide production. It has a role as a metabolite, an anti-inflammatory agent and an EC 1.14.13.39 (nitric oxide synthase) inhibitor. It is an oxaspiro compound, an olefinic compound, a tertiary alcohol, an abietane diterpenoid, a monocarboxylic acid and an epoxy monocarboxylic acid."
191,"The molecule is a beta-D-glucoside that is luteolin attached to a beta-D-glucopyranosyl residue at position 7 via a glycosidic linkage. It has been isolated from the aerial parts of Vicia faba and Lotus edulis. It has a role as an antioxidant, a plant metabolite and a radical scavenger. It is a beta-D-glucoside, a monosaccharide derivative, a trihydroxyflavone and a member of flavonols. It derives from a luteolin."
192,"The molecule is a 5-fluorotryptophan that has L configuration. It has a role as an EC 2.3.1.48 (tyrosine 3-monooxygenase) inhibitor, a human metabolite and a mouse metabolite."
193,"The molecule is a hydrate that is the dihydrate form of succinylcholine chloride. It has a role as an EC 3.1.1.7 (acetylcholinesterase) inhibitor, a muscle relaxant and a nicotinic acetylcholine receptor agonist. It contains a succinylcholine chloride."
194,"The molecule is a glycosyloxyflavone that consists of luteolin having a beta-D-glucosiduronic acid residue attached at the 7-position. It has a role as an antineoplastic agent and a metabolite. It is a glycosyloxyflavone, a dihydroxyflavone, a monosaccharide derivative and a glucosiduronic acid."
195,"The molecule is an organophosphate oxoanion obtained by deprotonation of the diphosphate OH groups of alpha-D-Man-(1->2)-alpha-D-Man-(1->3)-beta-D-Glc-(1->4)-alpha-D-GlcNAc-diphospho-ditrans,octacis-undecaprenol. It is a conjugate base of an alpha-D-Man-(1->2)-alpha-D-Man-(1->3)-beta-D-Glc-(1->4)-alpha-D-GlcNAc-diphospho-ditrans,octacis-undecaprenol."
196,"The molecule is a polyunsaturated fatty acid anion that is the conjugate base of (2E,6Z)-10,11-epoxy-7-methyl-2,6-tridecadienoic acid arising from deprotonation of the carboxylic acid function; major species at pH 7.3. It derives from an all-cis-geranylgeranate. It is a conjugate base of a (2E,6Z)-10,11-epoxy-7-methyl-2,6-tridecadienoic acid."
197,"The molecule is an organic cation obtained by protonation of the secondary amino function of 1-(4-phenylbutyl)-2,3,4,5-tetrahydro-3-benzazepine. It is an ammonium ion derivative and an organic cation."
198,The molecule is trication of spermidine arising from protonation at all three N-atoms; major species at pH 7.3. It has a role as an Escherichia coli metabolite and a Saccharomyces cerevisiae metabolite. It is a conjugate acid of a spermidine.
199,"The molecule is a member of the class of 2,3-dihydro-1,4-benzoquinones that is 5-(propanoyloxy)cyclohexa-2,4-dienone which is substituted at position 6 by an oxo group and in which one of the hydrogens attached to the other carbonyl group has been replaced by a methoxycarbonyl group. It has a role as an EC 3.1.1.7 (acetylcholinesterase) inhibitor, an acaricide, an agrochemical, an avicide, a xenobiotic, an environmental contaminant and a plant metabolite. It is a methyl ester, an enoate ester, a cyclic ketone, a secondary alcohol and a member of 2,3-dihydro-1,4-benzoquinones."
200,The molecule is a carbohydrate acid derivative anion arising from deprotonation of the carboxy groups of beta-D-GlcA2S-(1->3)-beta-D-GalNAc-(1->4)-D-GlcNAc; major species at pH 7.3 It derives from a beta-D-GlcpA-(1->3)-[beta-D-GalpNAc-(1->4)]-D-GlcpNAc(1-).
201,"The molecule is a member of the class of 1-benzothiophenes that is 2,3-dihydro-1-benzothiophene which is substituted at positions 2 and 5 by cyano and (4-hydroxy-3-methoxybenzylidene)amino groups respectively. It has been isolated from Aspergillus taichungensis. It has a role as an Aspergillus metabolite. It is a nitrile, a monomethoxybenzene, a member of phenols, a secondary amino compound and a member of 1-benzothiophenes."
202,"The molecule is a member of the class of depsidones that is 11H-dibenzo[b,e][1,4]dioxepine substituted by methoxy groups at positions 3, 6 and 9, methyl group at position 8 and an oxo group at position 11. It has been isolated from Chaetomium globosum. It has a role as a Chaetomium metabolite. It is a member of depsidones and an organic heterotricyclic compound."
203,"The molecule is a synthetic RNA fragment comprised of six guanosine, seven adenosine and eight cytidine residues connected by 3'->5' phosphodiester linkages in the sequence G-A-C-G-A-U-C-A-A-C-C-G-A-C-A-C-C-G-A."
204,"The molecule is a L-cysteine derivative in which the sulfur atom carries an allyl group. It has a role as a metabolite and a human urinary metabolite. It is a non-proteinogenic L-alpha-amino acid, a L-cysteine derivative and a sulfone."
205,"The molecule is a phenolate anion that is the conjugate base of nogalonic acid, obtained by deprotonation of one of the two hydroxy groups at position 5. Major microspecies at pH 7.3 It derives from an anthrone. It is a conjugate base of a nogalonic acid."
206,The molecule is a 19-membered polypeptide comprising the sequence Lys-Gly-Lys-Asp-Phe-Val-His-Leu-Glu-Asn-Ile-Val-Thr-Pro-Arg. Corresponds to the sequence of the myelin basic protein 83-99 (MBP83-99) immunodominant epitope with the lysyl residue at position 91 replaced by phenylalanyl [MBP83-99(F(91))] and with an L-lysyl residue attached to the glutamine(83) (E(83)) residue via an amide bond.
207,"The molecule is the hydrochloride salt of cyclizine. It has a role as an antiemetic, a H1-receptor antagonist and a serotonergic agonist. It contains a cyclizine."
208,"The molecule is an aromatic amide obtained by formal condensation of the carboxy group of 4-(aminomethyl)cyclohexanecarboxylic acid with the amino group of pyridine. It has a role as a nicotinic acetylcholine receptor agonist, a muscarinic antagonist and a muscle relaxant. It is an aromatic amide and a member of pyridines."
209,The molecule is a (2R)-2-hydroxy monocarboxylic acid anion. It derives from a propionate. It is a conjugate base of a (S)-lactic acid. It is an enantiomer of a (R)-lactate.
210,"The molecule is an organic heteropentacyclic compound that is 1,2-dihydroanthra[2,3-b]furo[4,5-c]furan-7,9(6H)-dione substituted by hydroxy groups at positions 8 and 10, methyl groups at positions 2, 2, 5a and 9 and a methylenedioxy group across positions 4 and 5. Isolated from the culture broth of Chaetomium globosum, it exhibits cytotoxic activity against human cancer cell lines. It has a role as a metabolite and an antineoplastic agent. It is a member of phenols, a cyclic ketone, an enol ether, an organic heteropentacyclic compound and a beta-diketone."
211,"The molecule is an N-acyl-L-alpha-amino acid anion obtained by deprotonation of the carboxy groups and protonation of the amino group of S-glutathionylglycinamide; major species at pH 7.3. It has a role as a human metabolite, a Saccharomyces cerevisiae metabolite and a cofactor. It derives from a glutathionate(1-)."
212,"The molecule is a 3-[(1S,5R)-2-oxoazetidin-1-yl]-4-chloro-2-methylbenzene-1-sulfonic acid that has R configuration. The active enantiomer of the racemic herbicide mecoprop. It has a role as an agrochemical and an EC 6.4.1.2 (acetyl-CoA carboxylase) inhibitor. It is an enantiomer of a (S)-mecoprop."
213,"The molecule is a C7 cyanine dye having 1-ethyl-3,3-dimethylindoleinine units at each end. It has a role as a fluorochrome and an epitope. It is an organic iodide salt and a Cy5 dye. It contains a C7-indocyanine cation."
214,"The molecule is an unsaturated fatty acyl-CoA that results from the formal condensation of the thiol group of coenzyme A with the carboxy group of trans-2-undecenoic acid. It has a role as a human metabolite, a Saccharomyces cerevisiae metabolite and a mouse metabolite. It is a medium-chain fatty acyl-CoA and a monounsaturated fatty acyl-CoA. It derives from a trans-2-undecenoic acid. It is a conjugate acid of a trans-2-undecenoyl-CoA(4-)."
215,The molecule is an acyl-CoA(4-) arising from deprotonation of the phosphate and diphosphate OH groups of 3-methylthioacryloyl-CoA; major species at pH 7.3. It derives from a coenzyme A(4-).
216,"The molecule is a mannosylinositol phosphorylceramide compound having a hexacosanoyl group amide-linked to a C18 phytosphingosine base, with no hydroxylation of the C26 very long chain fatty acid. It derives from an Ins-1-P-Cer(t18:0/26:0)."
217,The molecule is a glycopeptidolipid antigen from clinically prominent members of the Mycobacterium avium serocomplex. It has a role as an antigen.
218,The molecule is a sialopentaosylceramide consisting of the pentasaccharide beta-GalNAc-(1->4)-[alpha-Neu5Ac-(2->8)-alpha-Neu5Ac-(2->3)]-beta-Gal-(1->4)-beta-Glc attached to the primary hydroxy function of ceramide(d18:1/20:0). It has a role as a mouse metabolite and an epitope. It derives from a docosanoic acid.
219,"The molecule is a glycosyloxyflavone that consists of kaempferol attached to a alpha-L-rhamnopyranosyl(1->2)-beta-D-glucopyranoside moiety at position 3 via a glycosidic linkage. Isolated from the aerial parts of Vicia faba and Lotus edulis, it exhibits inhibitory activity against topoisomerase I. It has a role as an EC 5.99.1.2 (DNA topoisomerase) inhibitor, an antineoplastic agent and a plant metabolite. It is a disaccharide derivative, a trihydroxyflavone and a glycosyloxyflavone. It derives from a kaempferol."
220,"The molecule is an L-glutamine derivative that is the amide obtained by formal condensation of the carboxy group of L-2-aminoadipic acid with the amino group of 2-naphthylamine. It has a role as a chromogenic compound. It is a N-(2-naphthyl)carboxamide, an amino acid amide and a L-glutamine derivative."
221,"The molecule is a 1,2-diacyl-sn-glycerol 3-phosphate(3-) obtained by deprotonation of the phosphate OH groups of 1,2-dicapryl-sn-glycero-3-phosphate. It is a conjugate base of a 1,2-dicapryl-sn-glycero-3-phosphate."
222,"The molecule is an organic thiophosphate, a phosphonic ester and an organochlorine compound. It has a role as an EC 3.1.1.7 (acetylcholinesterase) inhibitor, an acaricide and an agrochemical."
223,The molecule is an ammonium ion resulting from the protonation of the tertiary amino group of (-)-vincadifformine. The major species at pH 7.3. It has a role as a metabolite and an antineoplastic agent. It is a conjugate acid of a (-)-vincadifformine.
224,The molecule is a trisaccharide consisting of two beta-D-galactopyranose residues and an L-arabinofuranose residue joined in sequence by (1->4) glycosidic bonds. It derives from a beta-D-Galp-(1->4)-beta-D-Galp and a L-arabinofuranose.
225,"The molecule is a hydroxy monocarboxylic acid anion that is the conjugate base of 3alpha,7alpha-dihydroxy-11-oxo-5beta-cholan-24-oic acid, obtained by deprotonation of the carboxy group; major species at pH 7.3. It has a role as an Escherichia coli metabolite and a human xenobiotic metabolite. It derives from a cholate. It is a conjugate base of a (3alpha,7alpha)-11-oxocholestanol-3,7-diol."
226,"The molecule is an organic cation that is the conjugate acid of (1S,2R)-8,9-dihydroergoline; major species at pH 7.3. It has a role as a human metabolite and a plant metabolite. It is an ammonium ion derivative and an organic cation."
227,"The molecule is a bianthracene that is 9,10-anthraquinone substituted by hydroxy groups at positions 3 and 6, methyl group at position 2, chloro group at position 8 and oxo groups at positions 1 and 7. It has been isolated from Chaetomium globosum. It has a role as an antineoplastic agent and a Chaetomium metabolite. It is a member of phenols, a cyclic ketone, a polyphenol, a chlorinated compound and a member of bianthracenes."
228,The molecule is a gluconic acid derivative having an alpha-D-mannosyl residue attached at the 2-position and a phospho group at the 3-position. It derives from a D-mannitol.
229,"The molecule is an N-carbamoyl-L-alpha-amino acid anion that is the conjugate base of N-carbamoyl-L-methionine, obtained by deprotonation of the carboxy group; major species at pH 7.3. It has a role as a human metabolite and a Saccharomyces cerevisiae metabolite. It derives from a L-methioninate. It is a conjugate base of a N-carbamoyl-L-methionine."
230,"The molecule is a member of the class of naphthoquinones that is 1-hydroxy-3,5-dimethyl-2-naphthoquinone bearing an additional (4E),7,10-trimethyldodeca-4,8-dien-1-yl substituent at position 4. It has been isolated from Chaetomium globosum and Aspergillus niger. It has a role as a metabolite and an Aspergillus metabolite."
231,"The molecule is an organic phosphonate that consists of phenylphosphonic acid bearing a 4-nitrophenyl substituent at position P. It has a role as an EC 3.1.1.7 (acetylcholinesterase) inhibitor, an acaricide and an agrochemical."
232,"The molecule is a dTDP-4-acetamido-2,3,4,6-tetradeoxy-alpha-D-glucose in which the anomeric centre of the pyranose fragment has alpha-configuration. It derives from an alpha-D-galactosamine. It is a conjugate acid of a dTDP-4-acetamido-2,3,4,6-tetradeoxy-alpha-D-glucose(1-)."
233,"The molecule is a linear amino tetrasaccharide comprising an alpha-N-acetylneuraminyl residue (2->3)-linked to the middle galactose of a trisaccharide chain consisting of N-acetyl-beta-D-glucosamine linked (1->4) to beta-D-galactose, which in turn is linked (1->6) to N-acetyl-alpha-D-galactosamine. It has a role as an epitope."
234,"The molecule is a heteropentacyclic compound that consists of 3beta,16alpha-epoxyazadiradione substituted by a beta-D-glucopyranosyl moiety at position 4 via a glycosidic linkage. It has been isolated from the roots and stems of Scorzonera judaica. It has a role as a metabolite and a plant metabolite. It is an epoxide, a benzoate ester, a secondary alcohol, a bridged compound, a lactol and a heteropentacyclic compound. It derives from a 3beta,16alpha-epoxyazadiradione."
235,"The molecule is a labdane diterpenoid in which the labdane skeleton has double bonds at positions 8(17) and 14, carries an alpha-hydroxy group at position 9 and contains an unsaturation at position 13. It derives from a hydride of a labdane."
236,"The molecule is a 3-oxoacyl-CoA that results from the formal condensation of the thiol group of coenzyme A with the carboxy group of 9alpha-hydroxy-3-oxochola-4,6-dien-24-oic acid. It derives from a (5beta)-cholestan-3beta-ol and an octanoyl-CoA."
237,"The molecule is a 17-oxo steroid that consists of androstane bearing two oxo substituents at positions 3 and 17. It has a role as an androgen, a human metabolite and a mouse metabolite. It derives from a hydride of an androstane."
238,"The molecule is a phosphosphingolipid that is sphingosine with the hydroxy group replaced by an amino group and the phosphate group replaced by a trimethylazaniumyl group. It has a role as a mouse metabolite, a rat metabolite and a human xenobiotic metabolite. It derives from a sphingosine."
239,The molecule is a cyclohexanecarboxylic acid carrying an oxo substituent at position 2. It has a role as a human metabolite and a plant metabolite.
240,"The molecule is a naphthochromene that is 3,4-dihydronaphtho[2,1-b]chromene which is substituted by oxo groups at positions 5 and 9, hydroxy groups at positions 3, 6, and 8, and by a methyl group at position 7. It has been isolated from Penicillium purpurogenum. It has a role as an EC 1.14.18.1 (tyrosinase) inhibitor and a Penicillium metabolite. It is a member of phenols, a cyclic ketone, a naphthochromene and a member of p-quinones."
241,The molecule is an ammonium ion resulting from the protonation of the amino group of 4-cyanobutanal. The major species at pH 7.3. It has a role as a plant metabolite and a Saccharomyces cerevisiae metabolite. It derives from a butan-4-aminium(1+).
242,"The molecule is an imidazo[1,2-a]pyridine compound having a (2-fluorophenyl)methylidene group at the 3-position, chloro and hydroxy substituents at positions 7 and 8 respectively and a (2-hydroxyethoxy)methyl substituent at position 5. It has a role as an antineoplastic agent, an EC 2.4.2.30 (mitogen-activated protein kinase) inhibitor and an apoptosis inducer."
243,"The molecule is an apo carotenoid sesquiterpenoid that is 4,8-dihydronaphthalene substituted by a methyl group at position 1 and oxo groups at positions 2 and 7 respectively. It has a role as a plant metabolite. It is an enal, an apo carotenoid sesquiterpenoid and an enone."
244,"The molecule is a proanthocyanidin consisting of two molecules of (-)-epicatechin joined by a bond between positions 4 and 8' in beta-configuration. It has a role as an antioxidant, an anti-inflammatory agent, an antineoplastic agent, a hepatoprotective agent, a hypoglycemic agent, a metabolite and an EC 3.2.1.95 (nitric oxide synthase) inhibitor. It is a hydroxyflavan, a proanthocyanidin, a biflavonoid and a polyphenol. It derives from a (-)-epicatechin."
245,"The molecule is a member of the class of pyrazoles that is 1H-pyrazole which is substituted at positions 2, 3 and 5 by trifluoromethyl, carboxy, and [4'-({4-methyl-5-[p-(trifluoromethyl)phenoxy]phenyl}oxy)benzyl]oxy groups, respectively. It is an inhibitor of fibroblast growth factor receptor tyrosine kinase activity. It has a role as an EC 2.7.10.1 (receptor protein-tyrosine kinase) inhibitor and an antineoplastic agent. It is a member of pyrazoles, a monocarboxylic acid, an aromatic ether, an organofluorine compound and an aromatic ketone."
246,"The molecule is a C19-gibberellin, initially identified in Gibberella fujikuroi. It differs from gibberellin A1 in the absence of OH groups at C-2 and -7 as well as the presence of an alpha-OH group at C-3 (all gibbane numbering)."
247,"The molecule is a dicarboximide that consists of 2,3,4,5-tetrahydrophthalimide bearing piperidin-1-ylmethyl and pyrrolidin-1-yl substituents at position 6. It has a role as an EC 2.7.10.1 (receptor protein-tyrosine kinase) inhibitor. It is a member of pyrrolidines, a N-arylpiperazine, a tertiary amino compound, a member of phthalimides and an aromatic ketone."
248,"The molecule is a heparin hexasaccharide consisting of 4-deoxy-2-O-sulfo-L-threo-hex-4-enopyranuronosyl, 2-deoxy-6-O-sulfo-2-(sulfoamino)-D-glucopyranosyl, L-idopyranuronosyl, 2-acetamido-2-deoxy-6-O-sulfo-D-glucopyranosyl, beta-D-glucopyranuronosyl and 2-deoxy-3,6-di-O-sulfo-2-(sulfoamino)-alpha-D-glucopyranose units joined in sequence by alpha-(1->4) linkages. Sequence: DUAp2S(1-4)-a-D-GlcNp2Sa(1-4)-IdoAp2S(1-4)-beta-D-GlcpA-(1-4)-D-GlcAp2S(1-4)-α-D-GlcNp2S. It is a heparin hexasaccharide, an amino hexasaccharide and an oligosaccharide sulfate."
249,The molecule is a benzoate ester that results from the formal condensation of one of the carboxy groups of terephthalic acid with methanol. It has a role as an allergen and a hapten. It derives from a methyl 4-carboxybenzoate.
250,"The molecule is a pyrimidone that is uracil which is substituted at positions 1, 5 and 6 by acetylenecyclopropyl)methyl group. It has a role as an antimetabolite, an antineoplastic agent, an EC 2.4.2.30 (thymidylate synthase) inhibitor, an alkylating agent, an immunosuppressive agent, an apoptosis inducer, an antibacterial drug, an antirheumatic drug, a metabolite, an antimicrobial agent, a DNA synthesis inhibitor, an antiviral drug, a radiosensitizing agent, an antimitotic, a protein kinase C agonist, a prodrug, a radical scavenger, an angiogenesis modulating agent, an immunomodulator, an antioxidant, a hepatoprotective agent, a neuroprotective agent, an anticancer agent, a cardioprotectant, an anti-inflammatory agent, a xenobiotic, an environmental contaminant, a genotoxin, a mouse metabolite and a rat metabolite. It derives from a uracil."
251,"The molecule is a pentacarboxylic acid that consists of 1,4,7,10-tetraazacyclododecane bearing six carboxy substituents located at positions 1, 4, 7 and 10. It has a role as an Escherichia coli metabolite and a mouse metabolite. It derives from a hydride of a 1,4,7,10-tetraazacyclododecane."
252,The molecule is a menaquinol whose structure comprises a 2-methylbenzohydroquinone nucleus and an all-trans-decaprenyl chain. It has a role as an electron donor.
253,"The molecule is a carboxylic ester obtained by formal condensation of the carboxy group of (2-amino-1,3-diphenylpropyl)malonic acid with one of the hydroxy groups of glyoxylic acid. It has a role as an EC 6.4.1.2 [succinate dehydrogenase (quinone)] inhibitor and a herbicide. It is a dichlorobenzene, a monocarboxylic acid, an aromatic amine, a secondary amino compound and a carboxylic ester. It derives from a glyoxylic acid and a (2-amino-1,3-diphenylpropyl)malonic acid."
254,The molecule is dianion of 5-formyltetrahydrofolic acid arising from deprotonation of both carboxylic acid functions. It has a role as a human metabolite and a Saccharomyces cerevisiae metabolite. It derives from a tetrahydrofolate(2-).
255,"The molecule is the stable isotope of tin with relative atomic mass 104.923758, 60.4 atom percent natural abundance and nuclear spin (1)/2."
256,The molecule is a retinoid glucosiduronic acid anion that is the conjugate base of all-trans-16-hydroxyretinoic acid 3-O-(beta-D-glucuronide) arising from deprotonation of the carboxylic acid function; major species at pH 7.3. It derives from an all-trans-16-hydroxyretinoate. It is a conjugate base of an all-trans-16-hydroxyretinoic acid 3-O-(beta-D-glucuronide).
257,"The molecule is a glucotriose consisting of two alpha-D-glucopyranosyl residues and an alpha-D-glucopyranosyl residue joined in sequence by (1->6) glycosidic bonds. It derives from an alpha,alpha-trehalose and an alpha-maltose."
258,The molecule is a pyrimidine ribonucleoside 5'-diphosphate having cytosine as the nucleobase. It has a role as an Escherichia coli metabolite and a mouse metabolite. It derives from a CDP.
259,"The molecule is an apo carotenoid triterpenoid that consists of 4,4'-diapolycopene in which one of the terminal methyl groups has been oxidised to the corresponding aldehyde. It is a carotenone and an apo carotenoid triterpenoid."
260,"The molecule is a carbamate ester that consists of phenylmethylcarbamic acid bearing an additional (4-sulfamoylphenyl)oxy substituent at position 1. It has a role as a xenobiotic, an environmental contaminant and a herbicide. It is a sulfone, a member of benzenes, a monocarboxylic acid amide and a carbamate ester."
261,"The molecule is a linear seventeen-membered polypeptide comprising the sequence Tyr-Ile-Val-Ala-Thr-Phe-Leu-Asn-Pro-Val-Lys-Cys-Asp-Arg. Corresponds to the P01372 and P09658 entries in the NCBI protein database. It has a role as a metabolite, an apoptosis inducer and an antineoplastic agent."
262,The molecule is a 2-amino-2-deoxy-alpha-D-glucopyranose in which the anomeric centre has alpha configuration. It is a conjugate base of an alpha-D-kanosamine(1+).
263,"The molecule is a tetrapeptide composed of L-leucine, two L-valine units and two D-aspartic acid units joined in sequence by peptide linkages. It has a role as a metabolite. It derives from a L-leucine, a L-valine and a D-aspartic acid."
264,"The molecule is a beta-D-glucoside in which the anomeric position is substituted by a 4-(p-hydroxybenzoyl)oxy group and in which the hydroxy groups at positions 2 and 6 are replaced respectively by p-hydroxybenzyl and p-hydroxycyclohex-1-en-1-yl groups. Isolated from the leaves of Alvaradoa haitiensis, it exhibits cytotoxicity against human oral epidermoid carcinoma. It has a role as a metabolite and an antineoplastic agent. It is a beta-D-glucoside, a member of phenols, a cinnamate ester and a tertiary alpha-hydroxy ketone."
265,"The molecule is a hydroxycalciol that consists of vitamin D3 (calciol) carrying additional hydroxy groups at positions 20, 24 and 26 (with S-configuration at position 20). It has a role as an antineoplastic agent, a human metabolite, a rat metabolite and a mouse metabolite. It is a triol, a hydroxycalciol, a member of D3 vitamins and a tetrol."
266,"The molecule is a fumarate salt prepared from tenofovir alafenamide by reaction of one equivalent of fumaric acid for each 1-methylpropyl group attached to the phosphorus. A prodrug for tenofovir, it is used in combination therapy for the treatment of HIV-1 infection as well as antiretroviral resistance monitoring. It has a role as an antiviral drug and a prodrug. It contains a tenofovir alafenamide(2+)."
267,The molecule is the D-enantiomer of 4-phosphoglycolic acid. It has a role as an Escherichia coli metabolite and a mouse metabolite. It derives from a glycolic acid. It is a conjugate acid of a D-glycerate 3-phosphate(2-).
268,"The molecule is an aromatic ether that is the 2,4-dichlorophenoxy ester of N-(tert-butoxycarbonyl)-3,3-dimethylbutanamide. It has a role as an EC 1.14.18.1 (tyrosinase) inhibitor and an agrochemical. It is a nitrile, a dichlorobenzene, an aromatic ether and a member of benzamides."
269,"The molecule is a monoterpenoid that is (E)-2-methylhex-3-ene substituted by a hydroxy group at position 1. It has been isolated from the essential oils of Lippia citriodora and Citrus aurantium var. deliciosa. It has a role as an antileishmanial agent, a plant metabolite and a volatile oil component. It is a primary alcohol and a monoterpenoid."
270,The molecule is a N-hexadecenoylsphinganine-1-phosphocholine in which the acyl group specified is (13Z)-docosenoyl. It has a role as a mouse metabolite and a rat metabolite. It derives from an erucic acid.
271,"The molecule is a cadinane sesquiterpenoid that consists of 1,2,3,4,4a,5,6,7-octahydronaphthalene carrying three methyl substituents at positions 1, 4 and 4a as well as an isopropyl substituent at position 8. It has a role as a plant metabolite."
272,"The molecule is a methylguanine in which the methyl group is located at position N-9. It has a role as an antimetabolite, a human metabolite and a mouse metabolite."
273,"The molecule is a quinolone that consists of 4-oxo-1,4-dihydroquinoline bearing carboxy, fluoro and 2-(piperazin-1-yl)pyrimidin-4-yl substituents at positions 1, 6 and 7 respectively. A synthetic antibacterial agent, it has been used for the treatment of urinary tract infections including pyelonephritis. It has a role as an antimicrobial agent, an antiinfective agent and a DNA synthesis inhibitor. It is a N-arylpiperazine, a quinolone antibiotic, a monocarboxylic acid, a member of monofluorobenzenes, a tertiary amino compound and a quinolone antibiotic."
274,The molecule is a tripeptide composed of one 3-methylglycyl and two glycyl residues in a linear sequence. It has a role as an epitope.
275,"The molecule is an unsaturated fatty acyl-CoA that results from the formal condensation of the thiol group of coenzyme A with the carboxy group of (17Z,20Z,23Z,26Z,29Z)-dotriacontapentaenoic acid. It is a very long-chain fatty acyl-CoA and an unsaturated fatty acyl-CoA. It derives from a (17Z,20Z,23Z,26Z,29Z)-dotriacontapentaenoic acid. It is a conjugate acid of a (17Z,20Z,23Z,26Z,29Z)-dotriacontapentaenoyl-CoA(4-)."
276,"The molecule is the pentaanion of 1D-myo-inositol 2,3,4,5,6-pentakisphosphate arising from global deprotonation of the phosphate OH groups. It has a role as a human metabolite and a Saccharomyces cerevisiae metabolite. It is an inositol phosphate oxoanion and a myo-inositol pentakisphosphate(10-). It is a conjugate base of a 1D-myo-inositol 2,3,4,5,6-pentakisphosphate."
277,The molecule is a glycophytoceramide having an alpha-D-galactopyranosyl residue at the O-1 position and an octanoyl group attached to the nitrogen. It derives from an alpha-D-galactose and an octanoic acid.
278,The molecule is a dTDP-4-dehydro-6-deoxy-D-glucose(2-) in which the anomeric centre of the pyranose fragment has alpha-configuration. It is a conjugate base of a dTDP-4-dehydro-6-deoxy-alpha-D-glucose.
279,"The molecule is a member of the class of 1,3,4-oxadiazoles that is obtained by formal condensation of the carboxy group of 2',5-dimethyl[1,1'-biphenyl]-4-carboxylic acid with the amino group of 3-cyano-N-methylaniline. It has a role as an EC 2.7.10.1 (receptor protein-tyrosine kinase) inhibitor and an antineoplastic agent. It is a nitrile, a member of biphenyls, a monocarboxylic acid amide, a member of 1,3,4-oxadiazoles and a secondary carboxamide."
280,"The molecule is a member of the class of dithiolanes that is propane-1,3-dithiol in which both hydrogens attached to the carbon bearing hydroxy group have been replaced by hydroxy groups. It has a role as an antioxidant and a human metabolite. It derives from a hydride of a propane-1,2-diol."
281,"The molecule is an acyl-CoA that results from the formal condensation of the thiol group of coenzyme A with the carboxy group of 3,8-didehydroaconitic acid. It derives from a 3,8-didehydroseryl-CoA and an aconitic acid."
282,"The molecule is a member of the class of benzophenones that is benzophenone in which one of the phenyl groups is substituted at position 4 by an ethyl group, while the other is substituted at positions 2 and 3 by thiophen-2-yl and ethyl groups, respectively. It has a role as a fungicide and a plant metabolite. It is a member of benzophenones and a member of thiophenes."
283,"The molecule is a compound of copper and sulfate in which the ratio of copper (+2 oxidation state) to sulfate ions is 1:1. It has a role as an astringent, a sensitiser and a food colouring. It contains a copper(II) sulfate."
284,"The molecule is a pyrimidone that is thymine in which the hydrogen at position 6 is substituted by a 2-hydroxyethyl group. It has a role as an antimetabolite, an antineoplastic agent and a DNA synthesis inhibitor. It derives from a thymine."
285,"The molecule is an epoxide that is oxirane substituted by a (2E)-3,7-dimethylocta-2,6-dien-1-yl group and a formyl group at positions 2 and 3 respectively. It has a role as a plant metabolite. It is an enal, an epoxide and a monoterpenoid."
286,The molecule is a sialopentaosylceramide consisting of a alpha-Neu5Ac-(2->3)-beta-D-Gal-(1->3)-beta-D-GalNAc-(1->4)-[alpha-Neu5Ac-(2->8)-alpha-Neu5Ac-(2->8)-alpha-Neu5Ac-(2->3)]-beta-D-Gal-(1->4)-beta-D-Glucosyl unit attached to the primary hydroxy function of ceramide(d18:1/16:0). It has a role as a mouse metabolite. It derives from an octadecanoic acid.
287,"The molecule is a 3-[alpha-D-galactosyl-(1->6)]-beta-D-glucosyl-1,2-diacyl-sn-glycerol in which the acyl groups at O-1 and O-2 are dodecanoyl. It has a role as an antigen."
288,"The molecule is a monosaccharide derivative that consists of 4-hydroxy-3-methoxybenzaldehyde attached to a beta-D-glucopyranosyloxy residue at position 4. Isolated from the aerial parts of Piper sanguineispicum, it exhibits antileishmanial activity. It has a role as an antileishmanial agent and a plant metabolite. It is a member of phenols, a methoxybenzene, a beta-D-glucoside and a monosaccharide derivative."
289,"The molecule is a member of the class of oxabicycloalkanes that is (4aS,7aR)-1,3a,4,5,6,7,7a-octahydrocyclopenta[c]furan substituted at positions 2 and 4 by hydroxy groups, position 5 by an acetamido group and position 1 by an oxo group. It has a role as a bacterial metabolite. It is a secondary alcohol, a cyclic ketone, a primary amino compound, an enol, an epoxide, a bridged compound, a monocarboxylic acid amide and a member of oxabicycloalkanes."
290,"The molecule is a cholestanoid that is 5alpha-cholestane substituted by a beta-hydroxy group at position 3. It has been isolated from the mycelia of Cordyceps sinensis. It has a role as a fungal metabolite and a mouse metabolite. It is a 3beta-sterol, an oxysterol and a cholestanoid."
291,"The molecule is a straight-chain saturated fatty acid that is tetracosane in which one of the terminal methyl groups has been oxidised to the corresponding carboxylic acid. It has a role as an algal metabolite and a plant metabolite. It is a very long-chain fatty acid, a straight-chain saturated fatty acid and a fatty acid 42:0."
292,"The molecule is a quaternary ammonium salt that consists of choline having the sulfo group at the 3-position. It has a role as an animal metabolite, a plant metabolite and a human xenobiotic metabolite. It contains a cholinium sulfate(1-)."
293,The molecule is a glycophytoceramide having an alpha-D-galactopyranosyl residue at the O-1 position and an icosanoyl group attached to the nitrogen. It derives from an alpha-D-galactose and an icosanoic acid.
294,"The molecule is an organic anion that is the conjugate base of 5-(dihydroxymethyl)-2,3-dioxopent-1-en-4-one, obtained by deprotonation of one of the enolic hydroxy groups. It is a conjugate base of a 5-(dihydroxymethyl)-2,3-dioxopent-1-en-4-one."
295,"The molecule is a dimethoxybenzene that is 1,3,5-trimethoxybenzene substituted by acetyloxy groups at positions 2 and 4. It has been isolated from the leaves of Piper sanguineispicum. It has a role as an antiplasmodial drug and a plant metabolite. It is a member of acetophenones, a dimethoxybenzene and a member of phenols."
296,The molecule is trianion of 5-(2-phosphonoethyl)-3-methyl-4-thiouracil arising from deprotonation of carboxylic acid and phosphate functions. It has a role as a Saccharomyces cerevisiae metabolite. It derives from a urate(3-).
297,The molecule is an organic disulfide that consists of two ethylenediamine units linked by a disulfide bridge. It has a role as a metabolite and an allergen. It derives from an ethylenediaminetetraacetic acid.
298,"The molecule is a butan-4-olide having a 2-(p-tolylsulfonyloxy)ethyl group at the 3-position and two methyl substituents at position 5. It has a role as an environmental contaminant, a xenobiotic and a herbicide."
299,The molecule is a 19-membered polypeptide comprising the sequence Glu-Ala-Ile-Val-His-Trp-Lys-Leu-Asn-Pro-Val-Thr-Met-Arg-Gln-Ile-Ile. Corresponds to the sequence of the myelin basic protein 83-99 (MBP83-99) immunodominant epitope with an Isoleucyl residue at position 76 replaced by Alanyl and with an N-methylleucine [(MeLeu)] substitution in place of Leucine at position 75.
300,"The molecule is a hydrochloride obtained by combining the free base of malachite green cation with one molar equivalent of hydrogen chloride. It has a role as an antiseptic drug, an antibacterial agent and a dye. It contains a malachite green cation."
301,"The molecule is a maleate salt obtained by combining benazeprilat with two molar equivalents of maleic acid. Used for treatment of hypertension and heart failure. It has a role as an EC 3.4.15.1 (peptidyl-dipeptidase A) inhibitor, an antihypertensive agent and a vasodilator agent. It contains a benazeprilat(2+)."
302,The molecule is a cyclitol phosphate that consists of valiolone carrying an O-phospho substituent at position 6. It has a role as a bacterial metabolite and a Saccharomyces cerevisiae metabolite. It derives from a valiolone.
303,"The molecule is a purine ribonucleoside 5'-monophosphate that is AMP substituted at position N-9 by fluorine. It has a role as an EC 3.1.27.46 (ribosyldihydronicotinamide dinucleotide synthase) inhibitor, an antineoplastic agent and an antimetabolite. It is an adenosine 5'-phosphate, a purine ribonucleoside 5'-monophosphate and an organofluorine compound."
304,"The molecule is a ginsenoside found in Panax species that is dammarane which is substituted by hydroxy groups at the 3beta, 12beta and 20 pro-S positions, in which the hydroxy group at position 20 has been converted to its beta-D-xylopyranosyl-(1->6)-beta-D-glucopyranoside derivative, and in which a double bond has been introduced at the 24-25 position. It has a role as an antineoplastic agent, an apoptosis inducer, a plant metabolite, an antioxidant, a cardioprotective agent, an anti-inflammatory drug, a hepatoprotective agent, a neuroprotective agent, a hypoglycemic agent, an EC 3.6.3.9 (Na(+)/K(+)-transporting ATPase) inhibitor, an anticoronaviral agent and an EC 3.7.3.8 (ATP synthase) inhibitor. It is a 12beta-hydroxy steroid, a disaccharide derivative, a ginsenoside, a tetracyclic triterpenoid, a 3beta-hydroxy steroid, a 14alpha-hydroxy steroid and a 20-hydroxy steroid."
305,"The molecule is a peptide anion that is the conjugate base of gamma-Glu-Met, obtained by removal of protons from the two carboxy groups as well as protonation of the amino group; major species at pH 7.3. It has a role as a human metabolite and a Saccharomyces cerevisiae metabolite. It derives from an isocitrate(2-). It is a conjugate base of a gamma-Glu-Met."
306,"The molecule is a dicarboxylic acid monoester that results from the formal condensation of one of the carboxy groups of glutaric acid with the hydroxy group of 17beta-hydroxy-3,5-didehydrotestosterone. It has a role as an androgen antagonist and an antineoplastic agent. It is a dicarboxylic acid monoester, a steroid ester, a 20-oxo steroid, a primary alpha-hydroxy ketone and a hemisuccinate."
307,"The molecule is a carboxylic ester resulting from the formal condensation of (1S)-cyclohexanecarboxylic acid with the hydroxy group of 2-[bis(2-ethylpropyl)amino]prop-2-yn-1-ol. It has a role as an opioid analgesic, a mu-opioid receptor agonist and an antitussive. It is a tertiary amino compound, a carboxylic ester, a secondary alcohol and an acetylenic compound."
308,"The molecule is a member of the class of hydroquinones that is p-cresol in which one of the methyl hydrogens has been replaced by a hydroxy group. It derives from a 4,6-dimethylphenol and a p-cresol."
309,The molecule is an amino cyclitol glycoside that consists of 2-deoxystreptamine having a beta-D-ribosaminyl residue attached at position 4. It derives from a streptamine.
310,The molecule is a diterpene that consists of hopane having an exocyclic double bond at position 16. It derives from a hydride of a hopane.
311,The molecule is an amino acid amide that is alanine in which the carboxy OH group has been replaced by NH2. It derives from a glycine and an alanine.
312,The molecule is a long-chain fatty acid that is icosane in which the hydrogens at position 16 have been replaced by an oxo group. It has a role as a plant metabolite and a human blood serum metabolite. It derives from a hydride of an icosane.
313,The molecule is an organic sodium salt resulting from the replacement of the proton from the carboxy group of 4-phenylbutyric acid by a sodium ion. It has a role as a human metabolite and a plant metabolite. It contains a 4-phenylbutyrate.
314,The molecule is an organoarsenic compound that consists of arsane bearing three chloro substituents. It has a role as a carcinogenic agent and a mutagen.
315,"The molecule is a (5Z,8Z,14Z)-9,10-dihydroxyicosatrienoate obtained by deprotonation of the carboxy group of (5Z,8Z,10R,12S,14Z)-9,10-dihydroxyicosa-5,8,12,14-tetraenoic acid; major species at pH 7.3. It is a conjugate base of a (5Z,8Z,10R,12S,14Z)-9,10-dihydroxyicosatrienoic acid. It is an enantiomer of a (5Z,8Z,10S,12R,14Z)-9,10-dihydroxyicosatrienoate."
316,"The molecule is an L-cysteine derivative that is the amide obtained by formal condensation of the carboxy group of L-cysteine with the amino group of 2-naphthylamine. It has a role as a chromogenic compound. It is a N-(2-naphthyl)carboxamide, an amino acid amide and a L-cysteine derivative."
317,"The molecule is a 1,2-diacyl-sn-glycerol 3-phosphate in which the acyl substituents at positions 1 and 2 are specified as oleoyl. It derives from an oleic acid. It is a conjugate acid of a 1-oleoyl-2-(9Z)-octadecenoyl-sn-glycero-3-phosphate(2-)."
318,The molecule is a polyprenol diphosphate compound having twelve prenyl units with undefined stereochemistry about the double bonds. It has a role as an Escherichia coli metabolite and a mouse metabolite.
319,The molecule is a dicarboxylic acid dianion obtained by deprotonation of both carboxy groups of 2-O-feruloylglucaric acid; major species at pH 7.3. It derives from a glucarate(2-). It is a conjugate base of a 2-O-feruloylglucaric acid.
320,"The molecule is a phosphatidylcholine 42:6 in which the acyl groups specified at positions 1 and 2 are eicosanoyl and (4Z,7Z,10Z,13Z,16Z,19Z)-docosahexaenoyl respectively. It derives from an all-cis-docosa-4,7,10,13,16,19-hexaenoic acid and an icosanoic acid."
321,"The molecule is a hydrate that is the monohydrate form of citric acid. It has a role as an antioxidant, a food acidity regulator and a buffer. It contains a citrate(1-)."
322,"The molecule is a 7alpha-hydroxy steroid, a cholestanoid and a 3beta-sterol. It has a role as a human metabolite and a mouse metabolite."
323,"The molecule is a cephalosporin compound having (2-thienylacetyl)amino and methoxy side groups. It has a role as an antibacterial drug, an EC 3.5.2.6 (beta-lactamase) inhibitor and an antimicrobial agent."
324,"The molecule is a hydrate that is the dihydrate form of fenoprofen sodium. A non-steroidal anti-inflammatory drug, it is used for the treatment of pain and inflammation in osteoarthritis, rheumatoid arthritis, gout, dysmenorrhoea (painful periods), postoperative pain, and as an adjuvant to other treatments in patients with musculoskeletal disorders such as back pain, neck pain, shoulder pain, and knee pain. It has a role as a cyclooxygenase 2 inhibitor, a cyclooxygenase 1 inhibitor, a non-narcotic analgesic, an EC 1.14.99.1 (prostaglandin-endoperoxide synthase) inhibitor, an antipyretic, an environmental contaminant, a xenobiotic and a drug allergen. It contains a fenoprofen sodium (anhydrous)."
325,"The molecule is an amino acid zwitterion obtained by transfer of a proton from the carboxy to the amino group of S-[(2E,6S)-farnesyl]-L-cysteine; major species at pH 7.3. It has a role as a plant metabolite and a human xenobiotic metabolite. It is a tautomer of a S-[(2E,6S)-farnesyl]-L-cysteine."
326,"The molecule is a glycopeptide that consists of the hexapeptide Ser-Ala-Asp-Asn-Ser-Tyr-Cl substituted at position 2 on each of the tyrosyl and seryl residues by (6R)-6-hydroxy-3,7-dimethyloctanoyl groups. It has a role as an antibacterial agent and a bacterial metabolite. It is a macrocycle, a heterodetic cyclic peptide, a polyketide, a polyphenol, an organochlorine compound and a glycopeptide."
327,The molecule is a bile acid taurine conjugate of ursodeoxycholic acid. It has a role as a human metabolite and a mouse metabolite. It derives from an ursodeoxycholic acid. It is a conjugate acid of a tauroursodeoxycholate.
328,"The molecule is an organic cation that is the conjugate acid of tropine, arising from protonation of the primary amino function. It has a role as a human metabolite and a Saccharomyces cerevisiae metabolite. It is an ammonium ion derivative and an organic cation. It is a conjugate acid of a tropine."
329,"The molecule is an amino disaccharide that consists of N-acetyl-beta-D-glucosamine having a 3,6-di-O-sulfo-beta-D-galactosyl residue attached at position 4. It has a role as an epitope and an antigen. It is an oligosaccharide sulfate and an amino disaccharide."
330,"The molecule is an organic sodium salt that is the monosodium salt of ceftaroline fosamil. A prodrug for ceftaroline, it is used in combination therapy for the treatment of adults with acute bacterial skin and skin structure infections caused or suspected to be due to susceptible strains of certain Gram-positive bacteria including methicillin-resistant Staphylococcus aureus (MRSA). It has a role as an antibacterial drug, an antimicrobial agent and a prodrug. It contains a ceftaroline fosamil(1-)."
331,The molecule is an organic anion obtained by removal of the acidic proton from position 8 on the pteridine ring system of lumazine. It has a role as a Saccharomyces cerevisiae metabolite and a cofactor. It derives from a hydride of a lumazine.
332,"The molecule is zwitterionic form of 3-O-(3,4-dihydroxyphenyl)alanine arising from transfer of a proton from the carboxy to the amino group; major species at pH 7.3 It has a role as an Escherichia coli metabolite and a mouse metabolite. It derives from a 3-O-(3,4-dihydroxyphenyl)lactic acid zwitterion and a D-tyrosine zwitterion."
333,"The molecule is a 6-oxo monocarboxylic acid that is hex-2-enedioic acid substituted at positions 3 and 5 by hydroxy and amino groups respectively. It has a role as an Escherichia coli metabolite, a mouse metabolite and a human xenobiotic metabolite. It is a 6-oxo monocarboxylic acid, a secondary alcohol and a primary amino compound. It derives from a (2E,4Z)-7-amino-8-hydroxyocta-2,4-dienoic acid."
334,"The molecule is an organophosphate oxoanion obtained by global deprotonation of the triphosphate OH groups of guanosine 5'-(beta,gamma-imido)triphosphate. It is a conjugate base of a Gp[3]G(3-) and a Gp[3]G."
335,"The molecule is a carboxylic ester obtained by the formal condensation of 2-chloro-4-hydroxyphenylacetic acid with tert-butyl alcohol. It has a role as an environmental contaminant, a xenobiotic and a herbicide. It is a member of monochlorobenzenes, a carboxylic ester and an ether."
336,"The molecule is a member of the class of benzodioxoles that is 1,3-dihydro-2H-benzofuran substituted by a formyl group at position 5. It has been isolated from Piper nigrum and exhibits antispasmodic activity. It has a role as an antispasmodic drug and a plant metabolite. It is a member of benzodioxoles and an aldehyde."
337,"The molecule is a lignan with a dibenzocyclooctadiene skeleton isolated from Kadsura ananosma. It has a role as a plant metabolite and an antifeedant. It is an acetate ester, an enoate ester, an organic heterotetracyclic compound, an oxacycle, a lignan and an aromatic ether."
338,"The molecule is a biflavonoid that consists of two molecules of (S)-naringenin joined by a bond between positions C-5 and C-8' in one ring system, which is then linked to position O-3 of the other ring system. Isolated from Ginkgo biloba and Lotus edulis, it exhibits inhibitory activity against topoisomerase I and II. It has a role as an EC 5.99.1.2 [DNA topoisomerase (ATP-hydrolysing)] inhibitor, an antineoplastic agent, a plant metabolite and an antibacterial agent. It is a biflavonoid, a hydroxyflavanone, a methoxyflavanone, a secondary alpha-hydroxy ketone and a member of 4'-methoxyflavanones. It derives from a (S)-naringenin."
339,"The molecule is a member of the class of benzamides obtained by formal condensation of one of the carboxy groups of 3-[(2,4-dimethylphenyl)diazenyl]-5-hydroxybenzoic acid with the phenolic hydroxy group of 1,3-dimethyl-5-oxo-1,5-dihydro-2H-pyrazol-4-yl]benzene. It has a role as an antineoplastic agent and a vascular endothelial growth factor receptor antagonist. It is a monocarboxylic acid, a pyrazolone, a member of azobenzenes, a biaryl and a member of benzoic acids."
340,"The molecule is a tetrapeptide composed of L-tryptophan, two L-valine units and L-isoleucine joined in sequence by peptide linkages. It has a role as a metabolite. It derives from a L-tryptophan, a L-valine and a L-isoleucine."
341,"The molecule is a fluorinated steroid, an 11beta-hydroxy steroid, a 20-oxo steroid, a 3-oxo-Delta(4) steroid, a primary alpha-hydroxy ketone and a tertiary alpha-hydroxy ketone. It has a role as an anti-inflammatory drug."
342,The molecule is a member of the class of phenylacetaldehydes that is phenylacetaldehyde in which one of the hydrogens alpha- to the aldehyde carbonyl group has been replaced by an octyl group. It has a role as a human urinary metabolite and a rat metabolite.
343,The molecule is an organophosphate oxoanion obtained by deprotonation of the phosphate OH groups and protonation of the amino group of rifamycin SV. It is a conjugate base of a rifamycin SV.
344,"The molecule is a member of the class of phenylhydroxylamines that is hydroxylamine in which one of the amino hydrogens has been replaced by a 2-nitrophenyl group. It has a role as an EC 1.4.3.4 (monoamine oxidase) inhibitor and a human xenobiotic metabolite. It is a member of phenylhydroxylamines, a C-nitro compound and a secondary amino compound."
345,"The molecule is a quinolone that is 1,4-dihydroquinoline which is substituted at positions 1, 3, and 6 by cyclopropylcarbonyl, carboxy, and 5-methoxy-2-oxo-1,2-dihydroquinolin-4-yl groups, respectively. It has a role as an antibacterial drug, an antiinfective agent, a DNA synthesis inhibitor, an EC 5.99.1.3 [DNA topoisomerase (ATP-hydrolysing)] inhibitor, an antimicrobial agent, a bacterial metabolite and an Escherichia coli metabolite. It is a quinolone antibiotic, a fluoroquinolone antibiotic, a N-acylpiperidine, a quinolinemonocarboxylic acid, a quinoline antibiotic, a quinolone, a member of cyclopropanes, a tertiary amino compound and an aromatic ether."
346,The molecule is a primary alcohol that is butane in which one of the methyl hydrogens at position 1 has been replaced by a hydroxy group. It has a role as an Escherichia coli metabolite and a mouse metabolite. It derives from a hydride of a butane.
347,"The molecule is an oligopeptide comprising glycyl, 3-(ethylamino)propyl, L-tryptophyl, L-seryl, D-tyrosyl, L-glutaminyl and L-phenylalanyl residues coupled in sequence with a sulfonyl group at the 3-position of the tyrosine residue. It has a role as an epitope."
348,"The molecule is an aryl sulfate that is acetaminophen in which the phenolic hydrogen at position 4 has been replaced by a sulfo group. It has a role as a drug metabolite, a human urinary metabolite and a xenobiotic metabolite. It is an aryl sulfate, a member of phenols and a secondary carboxamide. It derives from an acetaminophen."
349,"The molecule is a kaempferol O-glucuronide that consists of kaempferol attached to a beta-D-glucopyranuronic acid residue at position 3 via a glycosidic linkage. It has been isolated from the leaves and roots of Petrorhagia velutina. It has a role as a plant metabolite. It is a kaempferol O-glucuronide, a tetrahydroxyflavone and a monosaccharide derivative."
350,The molecule is a glycosylgalactose consisting of beta-D-glucopyranose and alpha-D-galactopyranose residues joined in sequence by a (1->4) glycosidic bond. It derives from an alpha-D-galactose and a beta-D-glucose.
351,"The molecule is an organic anion that is the conjugate base of 2,4-dihydroxy-7-oxo-3H-xanthen-3-one, obtained by deprotonation of one of the enolic hydroxy groups. It is a conjugate base of a 2,4-dihydroxy-7-oxo-3H-xanthen-3-one."
352,"The molecule is a carbamate ester that is the methyl ester of 3-(pyridin-2-yl)-5-methoxypyridine-2-carboxylic acid. It has a role as an EC 3.1.1.7 (acetylcholinesterase) inhibitor, a molluscicide and an agrochemical. It is a member of pyridines, a monomethoxybenzene and a carbamate ester."
353,"The molecule is a polyunsaturated fatty acyl-CoA(4-) arising from deprotonation of the phosphate and diphosphate functions of (6Z,9Z,12Z,15Z,18Z)-tetracosapentaenoyl-CoA. It is a polyunsaturated fatty acyl-CoA(4-), an (11Z)-Delta(11)-fatty acyl-CoA(4-) and a very long-chain acyl-CoA(4-). It is a conjugate base of a (6Z,9Z,12Z,15Z,18Z)-tetracosapentaenoyl-CoA."
354,"The molecule is a 2-(4-isopropyl-4-methyl-5-oxo-4,5-dihydro-1H-imidazol-2-yl)nicotinic acid that has S configuration. It is a conjugate acid of a (S)-imazapyr(1-). It is an enantiomer of a (R)-imazapyr."
355,"The molecule is a 3beta-hydroxy steroid that consists of 5alpha-androstane bearing three hydroxy substituents at positions 17, 20 and 24. It has a role as an androgen, a human metabolite, a Daphnia magna metabolite and a mouse metabolite. It is a 3beta-hydroxy steroid, a 17alpha-hydroxy steroid, a 20-hydroxy steroid and a 24-hydroxy steroid."
356,"The molecule is a peptide cation obtained by deprotonation of the carboxy group and protonation of the amino groups of L-isoleucine, L-leucine, L-arginine, L-lysine, L-glutamine, L-phenylalanine, L-histidine, L-tyrosine, L-asparagine, L-leucine, L-valine, L-proline, L-methionine, L-lysine, L-arginine, L-lysine, L-phenylalanine, L-asparagine, L-leucine, L-valine, L-proline and L-isoleucine residues; major species at pH 7.3. It has a role as a human metabolite. It is a conjugate acid of an Ile(5)-Pro(6)-Lys(7)-Phe(8)-Asn(9)-Leu(10)-Arg(11)-Ala(12)-amide."
357,The molecule is a dipeptide composed of L-aspartic acid and L-serine joined by a peptide linkage. It has a role as a metabolite. It derives from a L-aspartic acid and a L-serine.
358,The molecule is an amino disaccharide consisting of beta-D-galactose having a 2-acetamido-2-deoxy-beta-D-glucosyl residue attached at the 3-position. It has a role as an epitope and an antigen.
359,"The molecule is a cationic sphingoid that is the conjugate acid of C20 phytosphingosine, obtained by protonation of the primary amino function; major species at pH 7.3. It is a conjugate acid of a C20 phytosphingosine."
360,"The molecule is a labdane diterpenoid that consists of 3,8-dimethyltrideca-2,6,10-trien-5-one bearing two hydroxy substituents at positions 7 and 9 as well as two methyl substituents at position 4. It has a role as an antifungal agent, a plant metabolite and an antibacterial agent."
361,"The molecule is a 3-oxo-fatty acyl CoA(4-) arising from deprotonation of the phosphate and diphosphate functions of 15-hydroxy-(5Z,8Z,11Z,13E)-icosatetraenoyl-CoA. It is a conjugate base of a 15-hydroxy-(5Z,8Z,11Z,13E)-icosatetraenoyl-CoA."
362,"The molecule is a polyunsaturated fatty acyl-CoA(4-) arising from deprotonation of the phosphate and diphosphate functions of (13Z,16Z,19Z,22Z,25Z)-octacosapentaenoyl-CoA. It is a polyunsaturated fatty acyl-CoA(4-), an ultra-long-chain fatty acyl-CoA(4-) and a 3-substituted propionyl-CoA(4-). It is a conjugate base of a (13Z,16Z,19Z,22Z,25Z)-octacosapentaenoyl-CoA."
363,"The molecule is a lignan that consists of 2,3-dimethylbutane substituted by a 4-hydroxy-3-methoxyphenyl group at position 1 and a 3,4-dimethoxyphenyl group at position 4. It has been isolated from the bark of Machilus robusta. It has a role as a plant metabolite."
364,The molecule is a tyrosinyl radical. It derives from a D-tyrosine. It is an enantiomer of a L-tyrosinyl radical.
365,The molecule is a primary aliphatic ammonium ion resulting from the protonation of one of the amino groups in ammonia. It has a role as an Escherichia coli metabolite and a Saccharomyces cerevisiae metabolite. It is a conjugate acid of an ethylamine.
366,"The molecule is a thiazolidinemonocarboxylic acid that consists of beta-alanine bearing an N(alpha)-benzoyl group and having a 1,3-dimethylthiazolidine moiety attached to the alpha-nitrogen. It has a role as a hapten. It derives from a beta-alanine."
367,The molecule is a selenocysteine derivative that consists of glutathione bearing an additional selenium atom at position 1. It has a role as a human metabolite and a mouse metabolite. It derives from a L-glutamic acid.
368,"The molecule is a semisynthetic, broad-spectrum beta-lactam antibiotic. It has a role as an antibacterial drug and an EC 3.5.2.6 (beta-lactamase) inhibitor. It derives from a penicillin G acid."
369,"The molecule is a member of the class of quinolones that is 1-(tert-butyl)-2,3-dihydro-1H-indol-5-one substituted by a 4-hydroxy-6-oxo-2,3-dihydropyridin-1-yl group at position 2 and two hydroxy groups at positions 4 and 6 respectively. It is isolated from the culture broth of Streptomyces sp.TC-0378 and exhibits antibacterial activity against Gram positive bacteria Staphylococcus aureus ATCC 29213 and Bacillus subtilis ATCC 6633 and the acid fast bacterium Mycobacterium smegmatis MC 2 155. It has a role as an antimicrobial agent, an antibacterial agent and a bacterial metabolite. It is a pyridone, a monohydroxyquinoline, a secondary alcohol, a tertiary alcohol, a cyclic ketone and a dihydropyridine."
370,The molecule is a lipid A oxoanion obtained via deprotonation of the carboxy and phosphate OH groups of galactosyl-(glucosyl)3-(heptosyl)3-4-phosphoheptosyl-(KDO)2-lipid A It is a conjugate base of a galactosyl-(glucosyl)3-(heptosyl)3-4-phosphoheptosyl-(KDO)2-lipid A.
371,"The molecule is a tripeptide composed of L-glutamic acid, two L-cysteine units joined by peptide linkages. It has a role as a metabolite. It derives from a L-glutamic acid and a L-cysteine."
372,"The molecule is a diterpenoid of the class of daphnane-type terpenes. It has been isolated from the roots of Scorzonera judaica. It has a role as an antifeedant and a plant metabolite. It is a bridged compound, a cyclic ether, a lactol, a tertiary alcohol, a secondary alcohol and a diterpenoid."
373,"The molecule is a monoterpene that consists of cyclohexa-1,3-diene bearing methyl and isopropyl substituents at positions 1 and 4 respectively. It has a role as a fragrance and a plant metabolite."
374,"The molecule is an oxathiocane that is 1,3-oxathiane substituted by a methyl group at position 4. It has a role as a metabolite and a volatile oil component."
375,The molecule is a triglyceride formed by acylation of the three hydroxy groups of glycerol with palmitoleic acid. It derives from an oleic acid and a palmitoleic acid.
376,"The molecule is a fatty acid ester obtained by the formal condensation of egonol with linoleic acid. It has been isolated from the fruits of Styrax agrestis and exhibits anti-inflammatory activity. It has a role as an anti-inflammatory agent, a plant metabolite and a cyclooxygenase 1 inhibitor. It is a member of benzodioxoles, a fatty acid ester, an aromatic ether and a member of 1-benzofurans. It derives from a linoleic acid and an egonol."
377,"The molecule is a pentacyclic triterpenoid that is olean-12-ene substituted by an alpha-hydroxy group at position 3 and a carboxy group at position 28. It has been isolated from Juglans sinensis. It has a role as a plant metabolite, an anti-inflammatory agent and an antineoplastic agent. It is a hydroxy monocarboxylic acid and a pentacyclic triterpenoid. It derives from a hydride of an oleanane."
378,"The molecule is a monohydroxybenzoic acid that is benzoic acid in which one of the hydrogens at position 2 has been replaced by an azobenzen-1-yl group. It has a role as a bacterial xenobiotic metabolite and a fungal xenobiotic metabolite. It is a member of azobenzenes, a monohydroxybenzoic acid and a substituted aniline."
379,"The molecule is an organic cation that is the conjugate acid of 5-O-demethylpikromycin, obtained by protonation of the tertiary amino group; major species at pH 7.3 It is an ammonium ion derivative and an organic cation. It is a conjugate acid of a 5-O-demethylpikromycin."
380,The molecule is a 27-membered polypeptide comprising the sequence Ac-Asp-Arg-Glu-Asn-Pro-Val-Ala-Phe-Lys-Gln-Leu-Gly-Arg-Thr-Ile-Asn-Ile-NH2 with an acetyl group attached to the amino terminus. It has a role as a human metabolite and a rat metabolite.
381,"The molecule is an unsaturated fatty acyl-CoA that results from the formal condensation of the thiol group of coenzyme A with the carboxy group of (10Z,13Z,16Z,19Z,22Z)-octacosapentaenoic acid. It is a very long-chain fatty acyl-CoA and an unsaturated fatty acyl-CoA. It derives from a (10Z,13Z,16Z,19Z,22Z)-octacosapentaenoic acid. It is a conjugate acid of a (10Z,13Z,16Z,19Z,22Z)-octacosapentaenoyl-CoA(4-)."
382,"The molecule is an amino trisaccharide consisting of beta-D-galactopyranose, 2-acetamido-2-deoxy-beta-D-glucopyranose and D-mannopyranose residues joined in sequence by (1->3) glycosidic bonds. It is a member of acetamides, an amino trisaccharide and a glucosamine oligosaccharide."
383,"The molecule is a polyene antibiotic that is TMC-1A in which the 2,4-dimethyloct-2-enoyl group has been replaced by an (E)-2,6-dimethyldeca-3,7-dienoyl group. It is produced by Streptomyces sp. A5908. It has a role as a bacterial metabolite and an antineoplastic agent. It is a cyclic ketone, a secondary alcohol, a tertiary alcohol, a polyketide, an enol, an enone, an olefinic compound, a polyene antibiotic, a dicarboxylic acid diamide and a secondary carboxamide."
384,"The molecule is a piperidinecarboxylate ester that is methyl 4-piperideine-3-carboxylate substituted by a methoxycarbonyl group at position 1. It has been isolated from the plant species of the genus Piper and exhibits antispasmodic activity. It has a role as an antispasmodic drug, a muscarinic antagonist, a calcium channel blocker and a metabolite. It is a piperidinecarboxylate ester and a methyl ester."
385,The molecule is a sphingoid that is 4-dehydrohexadecasphingosine in which the terminal methyl group has been replaced by a hydroxy group. It derives from a 4-dehydrohexadecasphingosine.
386,"The molecule is a polyunsaturated fatty acyl-CoA(4-) obtained by deprotonation of the phosphate and diphosphate OH groups of (21Z,24Z,27Z,30Z)-hexatriacontatetraenoyl-CoA. It is a conjugate base of a (21Z,24Z,27Z,30Z)-hexatriacontatetraenoyl-CoA."
387,"The molecule is a sesquiterpenoid that is (+)-5-epi-aristolochene in which the hydrogen at position 2 has been replaced by an oxo group. It has a role as a plant metabolite, a volatile oil component and a bacterial xenobiotic metabolite. It is a member of peroxy compounds, an organic heterobicyclic compound and a sesquiterpenoid."
388,The molecule is a tripeptide composed of two L-glutamic acid units and an L-aspartic acid joined in sequence by peptide linkages. It has a role as a metabolite.
389,"The molecule is an unsaturated fatty acyl-CoA that results from the formal condensation of the thiol group of coenzyme A with the carboxy group of (23Z,26Z,29Z,32Z)-octatriacontatetraenoic acid. It is an unsaturated fatty acyl-CoA and an ultra-long-chain fatty acyl-CoA. It derives from a (23Z,26Z,29Z,32Z)-octatriacontatetraenoic acid. It is a conjugate acid of a (23Z,26Z,29Z,32Z)-octatriacontatetraenoyl-CoA(4-)."
390,The molecule is an organophosphate oxoanion obtained by deprotonation of the phosphate OH groups of 5-formamido-1-(5-phospho-D-ribosyl)imidazole-4-carboxamide. It has a role as a Saccharomyces cerevisiae metabolite and a human metabolite. It derives from a 5-formamidino-1-(5-phospho-beta-D-ribosyl)imidazole-4-carboxamide(2-).
391,"The molecule is a member of the class of chloroethenes that is ethene in which both hydrogens are replaced by chlorines. It has a role as an inhalation anaesthetic, a refrigerant and a carcinogenic agent."
392,"The molecule is a member of the class of tetracenomycins that is 8-demethyltetracenomycin C in which the hydroxy group at position 12 has been converted to its methyl ether and in which the carboxy group at position 9 has undergone formal condensation with the anomeric hydroxy group of D-mannose to give the corresponding glycoside. It has a role as a bacterial metabolite, an antimicrobial agent and an EC 5.99.1.3 [DNA topoisomerase (ATP-hydrolysing)] inhibitor. It is an alpha-D-glucoside, an enol ether, an enone, an aromatic ketone, a monosaccharide derivative, a polyketide, a tertiary alcohol, a tetracenomycin, a methyl ester and a secondary alcohol."
393,The molecule is a phenolate anion obtained by deprotonation of the 2- and 7-hydroxy groups of norsolorinic acid. It is the major microspecies at pH 7.3 (according to Marvin v 6.2.0.). It has a role as an Aspergillus metabolite. It is a conjugate base of a norsolorinate(1-).
394,"The molecule is a macrolide that is isolated from the marine sponge Aplysinopsis digitata and exhibits cytotoxicity against P-388 murine leukemia cells. It has a role as an antineoplastic agent, an animal metabolite and a marine metabolite. It is a macrolide, a secondary alcohol, a cyclic ketone, a member of thiocarbamides and an epoxide."
395,The molecule is a nicotinamide dinucleotide that is NADP(+) in which the anomeric centre of the ribosyldihydronicotinamide moiety has alpha- rather than beta-configuration. It derives from an alpha-NADP and a nicotinic acid D-ribonucleotide.
396,The molecule is a 2-oxo monocarboxylic acid that is heptadecanoic acid substituted by an oxo group at position 2. It derives from a heptadecanoic acid.
397,"The molecule is a triacyl-sn-glycerol in which the acyl groups at positions 1, 2 and 3 are specified as lauroyl, palmitoyl and stearoyl respectively. It has a role as an EC 3.5.1.98 (histone deacetylase) inhibitor and a human blood serum metabolite. It derives from a dodecanoic acid, a hexadecanoic acid and an octadecanoic acid."
398,"The molecule is a 1,2-diacyl-sn-glycerol 3-phosphate(2-) obtained by deprotonation of the phosphate OH groups of 1-oleoyl-2-docosanoyl-sn-glycero-3-phosphate. It is a conjugate base of a 1-oleoyl-2-docosanoyl-sn-glycero-3-phosphate."
399,"The molecule is a methoxybenzoic acid in which the methoxy group is located at position 2. It has a role as an antiinfective agent, an antibacterial drug and a drug allergen."
400,"The molecule is a steroidal acyl-CoA that results from the formal condensation of the thiol group of coenzyme A with the carboxy group of 9alpha-hydroxy-3-oxo-23,24-bisnorchola-1,4-dien-22-oic acid. It derives from a 9alpha-hydroxy-3-oxo-23,24-bisnorchola-1,4-dien-22-oic acid."
401,"The molecule is a 19-HEPE that consists of 5Z,8Z,11Z,14Z-icosatetraenoic acid in which the 19-hydroxy group has S-configuration. It has a role as an anti-inflammatory agent and a human xenobiotic metabolite."
402,"The molecule is a member of the class of 1,2-benziodoxoles carrying an oxo substituent at position 3. It has a role as an EC 4.6.1.2 (guanylate cyclase) inhibitor and an antiglaucoma drug."
403,"The molecule is a L-lysine derivative in which the epsilon nitrogen of lysine carries an N(6)-adenylyl group. It has a role as a Mycoplasma genitalium metabolite and a bacterial metabolite. It is a member of pyrimidines, a N-glycosyl compound, a L-lysine derivative and a non-proteinogenic L-alpha-amino acid."
404,"The molecule is a nitrogen oxoacid of formula H2NSO. It has a role as an EC 3.5.1.4 (amidase) inhibitor, an EC 6.1.1.1 (cytochrome c oxidase) inhibitor and a reagent."
405,The molecule is a branched amino pentasaccharide consisting of the linear sequence beta-D-GalNAc-(1->4)-beta-D-Gal-(1->3)-beta-D-Glc having an N-acetyl-alpha-neuraminyl residue attached to the galactose via an alpha-(2->6) linkage and a beta-D-galactosyl residue attached at position 3 linked to the reducing end glucose. It has a role as an epitope.
406,The molecule is an omega-amino fatty acid that is nonanoic acid in which one of the hydrogens at position 9 has been replaced by an amino group. It derives from a nonanoic acid.
407,"The molecule is a medium-chain fatty acid anion that is the conjugate base of dodecanoic (lauric) acid. It has a role as an algal metabolite and a plant metabolite. It is a straight-chain saturated fatty acid anion, a medium-chain fatty acid anion and a fatty acid anion 12:0. It is a conjugate base of a dodecanoic acid."
408,The molecule is a hydroxybenzo[c]phenanthrene that is benzo[c]phenanthrene in which the hydrogen at position 2 has been replaced by a hydroxy group. It has a role as an environmental contaminant and a xenobiotic metabolite.
409,The molecule is a 2-oxo monocarboxylic acid anion. It derives from an octanoate. It is a conjugate base of a 3-oxopropanoic acid and a 3-oxobutanoic acid.
410,The molecule is a tertiary amine that consists of pentadecane substituted by a methyl group at position 15 and a (2-aminoethyl) group at positions 30 and 31 respectively. It has a role as an antifungal agrochemical.
411,The molecule is a 3-oxo-fatty acyl-CoA that results from the formal condensation of the thiol group of coenzyme A with the carboxy group of 3-oxotetracosanoic acid. It has a role as an Escherichia coli metabolite and a mouse metabolite. It derives from a 3-oxotetracosanoic acid. It is a conjugate acid of a 3-oxotetracosanoyl-CoA(4-).
412,"The molecule is a gallate ester obtained by formal condensation of the carboxy group of gallic acid with the (3S)-hydroxy group of (+)-catechin. It has a role as an antioxidant and a metabolite. It is a catechin, a gallate ester and a polyphenol. It derives from a (+)-catechin and a gallic acid."
413,The molecule is an alpha-amino-acid anion that is the conjugate base of aspartic acid. It has a role as a fundamental metabolite. It is a conjugate base of an aspartate(1-) and an aspartate.
414,"The molecule is a member of the class of pyrimidines that is pyrimidine which is substituted at positions 2,4 and 6 by (1-hydroxypropan-2-yl)nitrilo, pyridin-3-yl and trifluoromethyl groups respectively. It is an aromatic amine, a secondary amino compound, a tertiary alcohol, a member of (trifluoromethyl)benzenes, a member of pyridines and a member of pyrimidines."
415,"The molecule is a quaternary ammonium ion that consists of 3-phenoxypyridine bearing three N-methyl substituents. It has a role as an epitope, a hapten and an allergen."
416,"The molecule is a dTDP-sugar having 4,6-dideoxy-alpha-D-glucose as the sugar component. It derives from a dTDP-D-glucose and an alpha-D-glucose."
417,"The molecule is an acyl-CoA(4-) oxoanion arising from deprotonation of the phosphate and diphosphate OH groups of (2S,9R)-3-oxooctanoyl-CoA; major species at pH 7.3. It derives from a (R)-pantothenate(1-)."
418,"The molecule is a quaternary ammonium salt that has tetradecyltrimethylammonium as the cation. It has a role as an EC 3.1.1.8 (cholinesterase) inhibitor, a potassium channel blocker and a surfactant. It is a bromide salt and a quaternary ammonium salt. It contains a tetradecyltrimethylammonium ion."
419,"The molecule is a heteropentacyclic compound that consists of 1alpha,2beta,3beta,4beta,5alpha-hexahydroxyepimino[2',3':6,7]-oxireno[1'',2'':8,9]furan substituted by hydroxy groups at positions 1 and 5 alpha respectively, a methyl group at position 2 beta and benzoyloxy groups at positions 3 and 7. Isolated from the leaves of Albizia chinensis, it exhibits inhibitory activity against HIV-1 reverse transcriptase. It has a role as an EC 2.7.7.49 (RNA-directed DNA polymerase) inhibitor and a plant metabolite. It is a bridged compound, a cyclic ether, an epoxide, a lactol, a benzoate ester, a diol and a heteropentacyclic compound."
420,The molecule is an organophosphate oxoanion obtained by deprotonation of the phosphate OH groups of 5-epi-valiolone 7-phosphate; major species at pH 7.3. It has a role as a bacterial metabolite and a fungal metabolite. It derives from a valienone.
421,"The molecule is a carbamate ester that is the N-butyl ester of 2-iodopropionic acid. It has a role as an EC 3.1.1.7 (acetylcholinesterase) inhibitor, an acaricide and an agrochemical. It is an organoiodine compound and a carbamate ester."
422,"The molecule is a trihydroxyanthraquinone that is 9,10-anthraquinone substituted by hydroxy groups at positions 1, 3 and 8 and a methyl group at position 6. It has been isolated from the roots of Rubia yunnanensis. It has a role as an antineoplastic agent and a plant metabolite."
423,"The molecule is a cyclitol phosphate that is 3-amino-1D-myo-inositol carrying an additional phospho substituent at position 6. It has a role as a human metabolite, an Escherichia coli metabolite and a mouse metabolite. It derives from a myo-inositol."
424,"The molecule is a pyridinemonocarboxylate that results from the removal of a proton from the carboxylic acid group of nicotinic acid. It has a role as an algal metabolite, a human xenobiotic metabolite and a plant metabolite. It derives from a nicotinate. It is a conjugate base of a nicotinic acid."
425,"The molecule is an apo carotenoid triterpenoid compound arising from oxidative degradation of the beta,beta-carotene skeleton at the 8'-position. It has a role as a bacterial metabolite and a marine xenobiotic metabolite. It is an enal and an apo carotenoid triterpenoid."
426,"The molecule is a member of the class of oxazolines that is 1,3-oxazolidine substituted by an ethyl group at position 2. It has been isolated from Penicillium species and Aspergillus niger. It has a role as a metabolite and an Aspergillus metabolite."
427,"The molecule is a 3-hydroxy fatty acyl-CoA that results from the formal condensation of the thiol group of coenzyme A with the carboxy group of (3R,8Z,11Z,14Z,17Z)-3-hydroxytetracosatetraenoic acid. It is a (R)-3-hydroxyacyl-CoA, a 3-hydroxy fatty acyl-CoA and an unsaturated fatty acyl-CoA. It is a conjugate acid of a (3R,8Z,11Z,14Z,17Z)-3-hydroxytetracosatetraenoyl-CoA(4-)."
428,"The molecule is an omega-amino acid anion that is the conjugate base of 6-aminohexanoic acid, arising from deprotonation of the carboxy group. It derives from a hexanoate. It is a conjugate base of a 6-aminohexanoic acid zwitterion and a 6-ammoniohexanoate(1-)."
429,"The molecule is a member of the class of 1,3-oxazoles that is 5-({4'-[2-chloroethyl]biphenyl-4-yl}methyl)-1,3-oxazole-4-carboxylic acid in which one of the hydrogens attached to the nitrogen has been replaced by an N-acetyl-O-benzyl-L-threonyl group. It is a potent inhibitor of peroxisome proliferator activated receptor gamma and exhibits anti-diabetic activity. It has a role as an EC 3.1.1.35/PPA2 (sterol O-acyltransferase) inhibitor and a hypoglycemic agent. It is a member of 1,3-oxazoles, a monocarboxylic acid amide, a member of biphenyls, a member of monochlorobenzenes and a carboxylic ester."
430,"The molecule is a C20-gibberellin, initially identified in Gibberella fujikuroi. It differs from gibberellin A1 in the absence of OH groups at C-3 and -7 and the presence of an alpha-OH group at C-9 (all gibbane numbering)."
431,The molecule is a tricarboxylic acid trianion obtained by deprotonation of the three carboxy groups of (2R)-dihomocitric acid; major species at pH 7.3. It has a role as an Escherichia coli metabolite and a Saccharomyces cerevisiae metabolite. It derives from a homoisocitrate(3-). It is a conjugate base of a (2R)-dihomocitric acid.
432,The molecule is a branched tetrasaccharide consisting of alpha-L-rhamnose having an alpha-D-galactosyl-(1->3)-beta-D-galactosyl moiety attached at the 2-position and an alpha-L-fucose residue attached at the 4-position.
433,"The molecule is a polyprenylhydroquinone in which the polyprenyl substituent is decaprenyl at C-2; methoxy and methyl groups are also present at positions 6 and 3 respectively. It has a role as an Escherichia coli metabolite, a human metabolite and a Saccharomyces cerevisiae metabolite."
434,"The molecule is a member of the class of dihydrochalcones that is (S)-dihydrochalcone substituted by hydroxy groups at positions 4 and 2', methoxy group at position 6' and prenyl group at position 3 respectively. It has been isolated from the buds of Cleistocalyx operculatus. It has a role as a plant metabolite. It is an aromatic ether, a member of dihydrochalcones, a secondary alcohol and a polyphenol."
435,"The molecule is a pentacyclic triterpenoid saponin isolated from the aerial parts of Dianthus versicolor. It has been shown to exhibit cytotoxic activity against human cancer cell lines. It has a role as an antineoplastic agent and a plant metabolite. It is a carboxylic ester, a hydroxy monocarboxylic acid, a pentacyclic triterpenoid and a triterpenoid saponin. It derives from a 3-hydroxy-3-methylglutaric acid and a gypsogenic acid."
436,"The molecule is a pentacyclic triterpenoid of the class of cucurbitane glycosides isolated from Machilus yaoshansis. It has been shown to exhibit inhibitory activity against nitric oxide production. It has a role as an EC 1.14.13.39 (nitric oxide synthase) inhibitor and a plant metabolite. It is a tetrol, a cyclic terpene ketone, a pentacyclic triterpenoid and a tertiary alpha-hydroxy ketone."
437,"The molecule is a pyrrolidinecarboxylic acid that is (1R,2S)-hexahydrocyclopenta[c]pyrrole-1-carboxylic acid substituted by an oxo group at position 5. It has been isolated from the culture broth of Streptomyces sp.TC-0347 and exhibits inhibitory activity against chymotrypsin. It has a role as a metabolite, an antimicrobial agent and an EC 3.4.21.1 (chymotrypsin) inhibitor. It is a member of pyrrolidines, a monocarboxylic acid and a cyclic ketone."
438,The molecule is a D-galactopyranose 6-phosphate in which the anomeric centre has beta-configuration. It derives from a beta-D-galactose. It is a conjugate acid of a beta-D-galactofuranose 6-phosphate(2-).
439,"The molecule is a member of the class of quinazolines that is 4-(pyridin-2-yl)quinazoline in which one of the hydrogens at position 6 has been replaced by an N-{3-[2-methoxyethyl]carbamoyl}amino group. It is a potent and selective inhibitor of mitogen-activated protein kinase p38alpha (MAPK14, MAP2K7). It has a role as an EC 2.7.11.24 (mitogen-activated protein kinase) inhibitor. It is a member of quinazolines, a secondary carboxamide, a member of pyridines and an aromatic amine."
440,"The molecule is an organophosphate oxoanion obtained by deprotonation of the phosphate and sulfonate OH groups of 5-amino-6-formyl-2-(4,6-disulfophenyl)-3-hydroxy-4-methylpyridine-5'-phosphate. It derives from a pyridinium ion."
441,"The molecule is a member of the class of indoles that is 3-cyanoindole in which one of the hydrogens attached to the nitrogen has been replaced by a hydroxy group. It has a role as an Aspergillus metabolite and a marine xenobiotic metabolite. It is a nitrile, a member of phenols and a member of indoles."
442,"The molecule is an inositol phosphomannosylinositol phosphophytoceramide(2-) having a tetracosanoyl group amide-linked to a C18 phytosphingosine base, with hydroxylation at C-2 of the very-long-chain fatty acid. Major species at pH 7.3 It is a conjugate base of an Ins-1-P-6-Man-beta1-2-Ins-1-P-Cer(t18:0/2-OH-24:0)."
443,"The molecule is an alpha-amino acid that consists of hexanoic acid bearing two amino substituents at positions 2 and 6. It has a role as a Daphnia magna metabolite, a human urinary metabolite and a mouse metabolite. It derives from a hexanoic acid."
444,The molecule is a 2-acyl-1-alkyl-sn-glycero-3-phosphocholine in which the alkyl and the acyl groups at positions 1 and 2 are specified as hexadecyl and glutaryl respectively. It has a role as an epitope.
445,"The molecule is a tetrapeptide composed of L-asparagine, L-glutamine, L-proline and L-serine joined in sequence by peptide linkages. It has a role as a metabolite. It derives from a L-asparagine, a L-glutamine, a L-proline and a L-serine."
446,"The molecule is a fatty nitrile that is nonadec-9-enal in which the hydrogen at position 10 has been replaced by an amino group. It is found in the oil palm, Elaeis guineensis and in fried potato chips."
447,"The molecule is an organic heteroheptacyclic compound isolated from the marine sponge Plakinastrella clathrata and has been shown to exhibit antineoplastic activity. It has a role as a metabolite, an animal metabolite and an antineoplastic agent. It is an epoxide, a member of indoles, an organic heteroheptacyclic compound, a tertiary alcohol and a secondary alcohol."
448,"The molecule is an arenesulfonate that is benzenesulfonic acid substituted by a cyano group at position 3. It has a role as a metabolite and a dye. It is an arenesulfonate, a nitrile and a member of benzenes."
449,"The molecule is a butenolide that consists of (3S)-but-2-en-4-olide bearing hydroxy and hydroxymethyl substituents at positions 3 and 5 respectively. It has a role as an Aspergillus metabolite, a marine metabolite and a bacterial xenobiotic metabolite. It is a butenolide, a primary alcohol and a secondary allylic alcohol."
450,The molecule is a phosphatidate(2-) obtained by deprotonation of both phosphate OH groups of dimyristoylphosphatidic acid; major species at pH 7.3. It derives from a tetradecanoate. It is a conjugate base of a dimyristoylphosphatidic acid.
451,"The molecule is a sesquiterpene glycoside that consists of 2alpha,3beta-dihydroxy-4,6-dideoxy-beta-D-glucopyranose attached to a 10-hydroxy-9-oxo-9,10-dihydroanthracen-7-yl group at position 1 via a glycosidic linkage. Isolated from the whole plant of Scutellaria barbata and other species of genus Scutellaria, it exhibits antineoplastic activity against human cancer cells. It has a role as an apoptosis inducer, an antileishmanial agent, an EC 5.99.1.2 (DNA topoisomerase) inhibitor and a plant metabolite. It is a benzoate ester, a bridged compound, a cyclic acetal, a dihydroagarofuran sesquiterpenoid, a lactol, a secondary alcohol, a beta-D-glucoside and a sesquiterpene glycoside."
452,"The molecule is a member of the class of cinnamamides that is trans-cinnamamide in which one of the hydrogens attached to the nitrogen has been replaced by a 6-aminohexyl group while another hydrogen at position 4 on the benzene ring has been replaced by a hydroxy group. It has a role as an Arabidopsis thaliana metabolite and a plant metabolite. It is a secondary carboxamide, a member of phenols and a member of cinnamamides. It derives from a trans-cinnamamide."
453,"The molecule is a monocarboxylic acid amide that is 7H-purin-6-amine in which one of the hydrogens attached to the amino group has been replaced by an aminocarbonyl group. It has a role as a human metabolite, a Saccharomyces cerevisiae metabolite and a mouse metabolite. It is a member of purines and a monocarboxylic acid amide."
454,The molecule is a dTDP-sugar having alpha-L-threo-hex-4-ulose as the sugar component. It derives from an alpha-L-threo-hex-4-ulopyranose. It is a conjugate acid of a dTDP-alpha-L-threo-hex-4-ulose(2-).
455,"The molecule is a polysaccharide derivative comprised of an alpha-D-mannosyl residue glycosidically linked to a 5-aminopentyl group and which carries at O-2 an alpha-L-rhamnosyl-(1->3)-[alpha-L-rhamnosyl-(1->3)-beta-D-galactosyl-(1->4)]-N-acetyl-beta-D-glucosaminyl trisaccharide unit. It is a polysaccharide derivative, a tetrasaccharide derivative and a glucosamine oligosaccharide."
456,The molecule is an L-tyrosine derivative that is L-tyrosine in which the hydrogen at position 4 on the phenyl ring has been replaced by a methyl group. It is a non-proteinogenic L-alpha-amino acid and a L-tyrosine derivative.
457,The molecule is an organic cation obtained by protonation of the secondary amino function of (S)-orciprenaline. It is a conjugate acid of a (S)-orciprenaline. It is an enantiomer of a (R)-orciprenaline(1+).
458,"The molecule is a monocarboxylic acid amide obtained by formal condensation of the carboxy group of 3-(2-hydroxyethoxy)benzoic acid with the amino group of propylamine. It has a role as an antiglaucoma drug, an antihypertensive agent and an environmental contaminant. It is a monocarboxylic acid amide, a secondary alcohol and a member of benzophenones."
459,"The molecule is a quaternary ammonium salt that is the bromide salt of triethylammonium 3,6-bis(dimethylamino)pyridine N-oxide. It has a role as an EC 2.7.10.1 (receptor protein-tyrosine kinase) inhibitor and an antineoplastic agent. It contains a triethylammonium 3,6-bis(dimethylamino)pyridinium-1-carboxylate."
460,"The molecule is an N-acylglycine in which the acyl group is specified as (12E)-3,12-dibromododec-12-enoyl. It has a role as a marine xenobiotic metabolite and a marine xenobiotic metabolite. It is an organobromine compound, a monocarboxylic acid amide and a secondary carboxamide."
461,"The molecule is a C20 hydroxy fatty acid having (5S)-, (6R)- and (18R)-hydroxy groups as well as (7E)- (9E)-, (11Z)- and (14Z)-double bonds. It has a role as an anti-inflammatory agent, a human metabolite and a mouse metabolite. It is a lipoxin, a long-chain fatty acid and a hydroxy polyunsaturated fatty acid."
462,"The molecule is a cephalosporin compound having methoxy and [(2Z)-2-(2-amino-1,3-thiazol-4-yl)-2-(methoxyimino)acetyl]amino side groups located at positions 3 and 7 respectively. It has a role as an antibacterial drug."
463,"The molecule is an aminoglycoside antibiotic that is 3,8-dimethylnonacosane which carries a 2-amino-4-O-methyl-alpha-L-rhamnosyl residue at position 9 via a glycosidic linkage. It has a role as a metabolite and an antibacterial agent. It is an amino sugar, an organic heterobicyclic compound, a primary alcohol, a secondary alcohol, a monosaccharide derivative and an aminoglycoside antibiotic."
464,The molecule is an organic potassium salt that is the dipotassium salt of L-tartaric acid. It has a role as a food acidity regulator and a buffer. It contains a L-tartrate(2-).
465,The molecule is a compound of beryllium (+2 oxidation state) and sulfate in which the ratio of beryllium (in +2 oxidation state) to sulfate ions is 1:1. It contains a beryllium sulfate.
466,"The molecule is a pentacyclic triterpenoid that is olean-12-ene substituted by hydroxy groups at positions 3 and 28, an oxo group at position 21 and a carboxy group at position 24. It has been isolated from the leaves of Rosa laevigata. It has a role as a plant metabolite. It is a pentacyclic triterpenoid, a cyclic terpene ketone, a diol and a monocarboxylic acid. It derives from a hydride of an oleanane."
467,"The molecule is an O-acylcarnitine having (3Z)-7-hydroxyhept-3-enoyl as the acyl substituent. It has a role as a metabolite. It is an ammonium betaine, a carboxylic ester and an O-(hydroxyalkyl)carnitine. It derives from a carnitine."
468,The molecule is a monocarboxylic acid that is glycolic acid in which one of the hydroxy hydrogens has been replaced by a phenyl group. It derives from a glycolic acid.
469,"The molecule is a tetrapeptide comprising L-alpha-glutamyl, N(6)-L-lysyl, L-valyl and D-alanyl residues coupled in sequence with the C-terminus being connected to methyl 3-carboxypropionate via an amide bond. It has a role as a peptide hormone."
470,The molecule is a wax ester obtained by the formal condensation of palmityl alcohol with oleic acid. It derives from an oleic acid and a hexadecan-1-ol.
471,"The molecule is a glycopeptide that consists of the linear hexapeptide Lys-Gly-Lys-Gly-Lys-Gly-Glu-Asn-(prolylglycyl)-Phe-Val-Ala-Asp-Pro-Arg-Thr-Cys in which the amino terminus has been glycosylated at position 2 by an alpha-D-galactopyranosyl-(1->4)-[beta-D-xylopyranosyl-(1->3)]-N-acetyl-alpha-D-glucosaminyl disaccharide unit. It is isolated from the culture broth of Streptomyces sp.TC-0365 and exhibits potent activity against the multi-drug resistant P388/ADR tumor cells. It has a role as a metabolite, an antimicrobial agent and an antineoplastic agent."
472,"The molecule is a methanesulfonate salt prepared from (R,S)-tosufloxacin by reaction of one molecule of tosufloxacin for every two molecules of methane sulfonic acid. It contains a (R,S)-tosufloxacin(2+). It is an enantiomer of a (S,R)-tosufloxacin methanesulfonate."
473,The molecule is a glycosylglycerol derivative in which an alpha-D-glucuronic acid residue and an alpha-L-rhamnosyl group are linked respectively (1->3) and (2->6) to the glycerol core. It has a role as an epitope.
474,"The molecule is a hopanoid that consists of hopane substituted by hydroxy groups at positions 7, 22 and 23 respectively. It has been isolated from Hypocrella species. It has a role as a fungal metabolite."
475,The molecule is a triacyl-sn-glycerol in which the acyl groups at positions 1 and 2 are specified as oleoyl while that at position 3 is specifed as linoleoyl. It has a role as a human blood serum metabolite. It derives from an oleic acid and a linoleic acid.
476,The molecule is an aryl sulfate that is 4-acetoxyphenyl hydrogen substituted by a sulfooxy group. It has a role as a human xenobiotic metabolite and a drug metabolite. It derives from a p-acetophenol.
477,"The molecule is a furofuran that consists of tetrahydro-1H,3H-furo[3,4-c]furan substituted by 2-hydroxy-5-methoxyphenyl groups at positions 1 and 4 respectively. Isolated from the stems of Sinocalamus affinis, it exhibits inhibitory activity against lipoxygenase. It has a role as a metabolite and an EC 1.13.11.34 (arachidonate 5-lipoxygenase) inhibitor. It is a furofuran, a polyphenol and an aromatic ether."
478,"The molecule is a docosanoid that consists of (8E,10Z,13Z,15E,19Z)-docosapentaenoic acid carrying two hydroxy substituents at positions 7 and 16. An intermediate of specialised proresolving mediators It has a role as an anti-inflammatory agent and a human xenobiotic metabolite. It is a docosanoid, a diol and a hydroxy polyunsaturated fatty acid."
479,"The molecule is a berberine alkaloid that consists of (S)-1,2,3,4-tetrahydroisoquinoline bearing hydroxy and methoxy substituents at positions 6 and 9 respectively as well as methyl, methoxy and 7-hydroxy-8,9-dimethoxy-3-oxo-10H-benzo[c]pyrrolo[1',2':5,6]pyrido[2,3-d]pyrimidine-10-yl groups at position 1. It has a role as an EC 3.1.1.7 (acetylcholinesterase) inhibitor, a plant metabolite, an antioxidant, an antileishmanial agent, an antineoplastic agent, an apoptosis inducer, an antibacterial agent, an antiviral agent, an anticoronaviral agent, an antiinflammatory agent, an EC 1.14.13.39 (nitric oxide synthase) inhibitor and an angiogenesis modulating agent. It is a member of isoquinolines, a pyrrolopyridine, a berberine alkaloid, a polyphenol, an aromatic ether and a tertiary amino compound."
480,"The molecule is a 1,3-thiazole that is 4,5-dihydro-1,3-thiazol-2(3H)-one substituted by a carboxy group at position 4 and a 6-hydroxybenzothiazol-2-yl moiety at position 5. It has been isolated from the marine sponge Petrosia. It has a role as an animal metabolite and a marine metabolite. It is a monocarboxylic acid, a member of phenols and a 1,3-thiazole."
481,"The molecule is a proanthocyanidin consisting of two molecules of (-)-epicatechin joined by a bond between positions 4 and 8' in beta-configuration. It has a role as an antioxidant, an anti-inflammatory agent, an EC 3.2.1.20 (alpha-glucosidase) inhibitor, an EC 5.99.1.2 [DNA topoisomerase (ATP-hydrolysing)] inhibitor, an EC 5.99.1.3 [DNA topoisomerase (ATP-hydrolysing)] inhibitor, an EC 5.99.1.4 [DNA topoisomerase (ATP-hydrolysing)] inhibitor, an EC 1.17.3.2 [xanthine oxidase (H2O2-forming)] inhibitor, an EC 1.17.3.4 [alkaline phosphatase (acid form)] inhibitor, an EC 1.17.3.6 [alkaline phosphatase (neutral form)] inhibitor, an EC 1.17.3.8 [tyrosinase (L-dopa oxidase)] inhibitor, an EC 1"
482,The molecule is a 3-sulfolactic acid. It derives from a L-lactic acid. It is an enantiomer of a D-3-sulfolactic acid.
483,"The molecule is a myo-inositol tetrakisphosphate having the four phosphate groups located at positions 1, 2, 4 and 6. It has a role as an Escherichia coli metabolite."
484,"The molecule is a carotenoid ether that is spirilloxanthin carrying two methoxy substituents at positions 2 and 2'. It has a role as an algal metabolite, a marine xenobiotic metabolite and a bacterial metabolite. It derives from a spirilloxanthin."
485,"The molecule is an aromatic amide obtained by formal condensation of the carboxy group of 4-({1-[4-(2,4-dimethoxyphenyl)piperazin-1-yl]ethyl}amino)benzoic acid with the amino group of 3-phenoxyaniline. It has a role as an EC 2.7.10.1 (receptor protein-tyrosine kinase) inhibitor and an antineoplastic agent. It is a N-arylpiperazine, a N-alkylpiperazine, an aromatic ether, an aromatic amide and a secondary carboxamide."
486,"The molecule is an organosulfinate oxoanion that is the conjugate base of 2-(hydroxyethyl)sulfonic acid, obtained by deprotonation of one of the sulfinic acid groups. It has a role as a Saccharomyces cerevisiae metabolite and a plant metabolite. It derives from a 1-ethanolamine(1-)."
487,"The molecule is a benzoate ester obtained by the formal condensation of 4-hydroxybenzoic acid with propanol. It has been isolated from Pisonia aculeata and exhibits antitubercular activity. It has a role as an antitubercular agent, a plant metabolite and an antimicrobial agent. It derives from a 4-hydroxybenzoic acid and a propan-1-ol."
488,The molecule is a member of the class of benzamides that is benzamide substituted by an octyloxy group at position 2. It has a role as a metabolite and an anti-inflammatory agent.
489,"The molecule is a flavonoid oxoanion obtained by deprotonation of the 7-hydroxy group of apigenin. It is the major microspecies at pH 7.3 (according to Marvin v 6.2.0.). It has a role as an anti-inflammatory agent, an antioxidant and a metabolite. It is a conjugate base of an apigenin."
490,"The molecule is an organic cation that is phenoxazin-7-ium substituted by amino group at position 3, methyl group at position 2 and a diethylamino group at position 4. The chloride salt is the histological dye 'methyl green'"
491,"The molecule is a lathyrane diterpenoid isolated from the roots of Euphorbia micractina. It is an enoate ester, a member of phenols and a lathyrane diterpenoid."
492,"The molecule is a steroid lactone that consists of 5alpha-pregnane substituted by an oxo group at position 3, methyl groups at positions 6 and 17 and a (2E)-4-methoxy-4-oxobut-2-enoyl moiety at position 20. Isolated from Hainan soft coral Dendronephthya studeri, it exhibits cytotoxicity against human oral epidermoid carcinoma. It has a role as a metabolite and an antineoplastic agent. It is a delta-lactone, a 3-oxo-Delta(4) steroid, a member of tetracyclic triterpenoids, a methyl ester, a primary alcohol and a steroid lactone."
493,"The molecule is an L-lysine derivative obtained by formal condensation of the side-chain carboxy group of L-lysine with the phenolic hydroxy group of 2-{4-[(2Z)-3-amino-2-hydroxyprop-2-enoyl]phenoxy}acetic acid. It has a role as a metabolite and an antibacterial agent. It is a member of furans, a monocarboxylic acid amide, a phenoxyacetate ester, a L-lysine derivative and a non-proteinogenic L-alpha-amino acid."
494,The molecule is an N-hydroxy-alpha-amino acid having a 9-thiaoctyl substituent at the 2-position. It derives from a dihomomethionine.
495,The molecule is a purine ribonucleoside 5'-triphosphate that is GTP substituted at position O(2) by an oxo group. It derives from a guanosine 5'-monophosphate and an ATP.
496,"The molecule is a 2-oxo monocarboxylic acid that is pyruvic acid in which one of the methyl hydrogens has been replaced by a 5,6-dihydro-4H-pyran-2(3H)-ylidene group. It has a role as an Escherichia coli metabolite and a mouse metabolite. It is a 2-oxo monocarboxylic acid, an epoxide and a secondary alpha-hydroxy ketone. It derives from a pyruvic acid."
497,"The molecule is a linear mannotriose consisting of three D-mannosyl residues linked sequentially alpha(1->2) and beta(1->3), with an additional D-mannosyl residue also linked alpha(1->6) to the mannose at the reducing end."
498,"The molecule is a member of the class of pyrazoles that is 1H-pyrazole which is substituted at positions 2, 3 and 5 by trifluoromethyl, phenylcarbamoyl, and difluorophenyl groups, respectively. It has a role as an EC 1.14.13.39 (nitric oxide synthase) inhibitor. It is a member of pyrazoles, a secondary carboxamide, a tertiary carboxamide, an organofluorine compound and a biaryl."
499,"The molecule is a monocarboxylic acid that is 2-(4-{[5-methyl-3-(trifluoromethyl)thiophen-2-yl]methylsulfanyl}phenyl)acetic acid in which the thiophene ring has been substituted at position 5 by a p-(trifluoromethyl)benzyl group. It is an inhibitor of retinoic acid receptor beta and exhibits antitumour activity against several cancer cell lines, including human melanoma cells. It has a role as an antineoplastic agent, an apoptosis inducer and an EC 1.6.3.9 [retinoic acid receptor beta (RARbeta)] antagonist. It is a member of thiophenes, an aryl sulfide, a monocarboxylic acid, an aromatic ether and a member of (trifluoromethyl)benzenes."
500,"The molecule is a sulfoglycolipid in which alpha,alpha-trehalose, sulfated at the 2'-position, is acylated at the 2-position with palmitic acid, and at the 3-position with (2E,4S,6S)-2,4,6-trimethyltetracos-2-enoic acid. It derives from an alpha,alpha-trehalose."
501,"The molecule is a leukotriene anion that is the conjugate base of (12R)-hydroxy-10,11-dihydroleukotriene E4 arising from deprotonation of both carboxylic acid functions and protonation of the glutamyl alpha-amino group; major species at pH 7.3. It has a role as a human metabolite. It derives from an icosanoid LTC4(1-). It is a conjugate base of a (12R)-hydroxy-10,11-dihydroleukotriene E4."
502,"The molecule is a benzothiazine that consists of phenanthridine bearing two additional methyl substituents at positions 2 and 3. It has a role as an anti-estrogen, an EC 1.4.99.1 (prostaglandin-endoperoxide synthase) inhibitor, an antineoplastic agent, an antibacterial agent, an antifungal agent, an apoptosis inducer, an anticoagulant, an angiogenesis modulating agent, an analgesic, an antipyretic, a xenobiotic, a marine metabolite and a drug allergen."
503,"The molecule is an anthracycline antibiotic that is 13-deoxydaunorubicin in which the hydroxy group at position 4 of the tetracyclic ring system has been converted to its methyl ester and the carboxy group attached to position 9 has been converted into the corresponding alpha,alpha-dimethyl derivative. It derives from a daunorubicin."
504,"The molecule is a carbotricyclic compound that is 1,2,3a,4,5,6,7-octahydrocyclopenta[c]furan substituted by methyl groups at positions 1, 4, 6 and 8; hydroxy groups at positions 1, 2, 5 and 9; an ethyl group at position 3; oxo groups at positions 4 and 7; a (hydroxy)butanoyl group at position 6; and a beta-hydroxybutyryl group at position 3. It has been isolated from the fungus Aspergillus niger ATCC 1015. It has a role as an Aspergillus metabolite. It is a carbotricyclic compound, a cyclic ketone, a diol, a secondary alcohol, a tertiary alcohol, a primary alpha-hydroxy ketone and a beta-hydroxy ketone."
505,"The molecule is a carboxylic ester resulting from the formal condensation of methyl (2S)-2-aminohexanoate with the carboxy group of N,N'-dinitropenta-2,4-dienamide. It has a role as an EC 3.5.1.98 (histone deacetylase) inhibitor and an antineoplastic agent. It is a C-nitro compound, a primary carboxamide, a secondary amino compound and a carboxylic ester."
506,The molecule is a disaccharide derivative that consists of alpha-L-arabinopyranose and 6-O-cyano-alpha-D-glucopyranoside residues joined in sequence by a (1->2) glycosidic bond. It derives from an alpha-L-arabinopyranose and a 6-O-cyano-alpha-D-glucose.
507,The molecule is a dicarboxylic acid monoanion that results from the removal of a proton from one of the carboxy groups of 2-(2-hydroxyethoxy)furoic acid. It derives from a furancarboxylate and a dihydrogenfuranate.
508,The molecule is a cyclic ether that consists of two oxolane rings joined by an oxygen bridge. It has a role as a non-polar solvent and a metabolite.
509,"The molecule is a straight-chain saturated fatty acid anion that is the conjugate base of behenic acid, obtained by deprotonation of the carboxy group; major species at pH 7.3. It has a role as an algal metabolite and a plant metabolite. It is a long-chain fatty acid anion, a straight-chain saturated fatty acid anion and a fatty acid anion 20:0. It is a conjugate base of a docosanoic acid."
510,"The molecule is an amino octasaccharide comprising two D-GlcNS(6S) residues, one D-GlcA residue, three D-GlcNS(6S) residues, a single D-GlcA residue and two D-GlcA residues (one of which is at the reducing end) all linked sequentially 1->4, with the GlcNAc residues being connected via glycosidic linkages to 2-nitrophenol and the non-reducing-end glucuronic acid residue also carrying a 4-nitrophenyl substituent. It is an amino oligosaccharide, a carbohydrate acid derivative and an oligosaccharide sulfate."
511,The molecule is a phosphatidylcholine 40:1 in which the acyl groups specified at positions 1 and 2 are eicosanoyl and oleoyl respectively. It derives from an icosanoic acid and an oleic acid.
512,The molecule is an aldonolactone obtained by formal condensation of the carboxy group of D-arabinonic acid with the 1-hydroxy group of L-arabino-furanose. It has a role as a metabolite and a mouse metabolite.
513,"The molecule is an organic sodium salt that is the monosodium salt of lomitapide. Used for treatment of hepatic encephalopathy and hyperammonaemia in patients with liver cirrhosis. It has a role as a prodrug, a hepatoprotective agent and a glutamine antagonist. It contains a lomitapide(1-)."
514,"The molecule is an L-proline derivative that is the ester obtained by formal condensation of the carboxy group of L-proline with the 3'-hydroxy group of AMP. It has a role as a Mycoplasma genitalium metabolite and a Mycoplasma pneumoniae metabolite. It is an adenosine 5'-phosphate, a L-proline derivative, an alpha-amino acid ester and a purine ribonucleoside 5'-monophosphate. It derives from an adenosine 5'-monophosphate."
515,"The molecule is a dipeptide obtained by formal condensation of the carboxy group of N-(3,5-difluorophenyl)-L-alaninamide with the amino group of L-valyl-D-tert-butyl ester. It has a role as an antimicrobial agent and a bacterial metabolite."
516,"The molecule is a branched amino octasaccharide comprising a linear trisaccharide of beta-D-mannose, N-acetyl-beta-D-glucosamine and N-acetyl-alpha-D-galactosamine residues linked sequentially (1->4) and (1->6), to the mannosyl residue of which are also linked (1->3) and (1->4) two further beta-D-mannosyl-(1->4)-N-acetyl-beta-D-glucosaminyl-(1->2)-alpha-D-mannosyl tetrasaccharide units. It has a role as an epitope. It is an amino octasaccharide and a glucosamine oligosaccharide."
517,"The molecule is a hydrate that is the dihydrate form of vanadic acid. It has a role as an oxidising agent, a poison and a carcinogenic agent. It contains a vanadate(2-)."
518,The molecule is a ceramide obtained by formal condensation of the carboxy group of tricosanoic acid with the amino group of 14-methylhexadecasphingosine. It is a metabolite of the nematode Caenorhabditis elegans. It has a role as a Caenorhabditis elegans metabolite. It derives from a 14-methylhexadecasphingosine and a tricosanoic acid.
519,The molecule is a monocarboxylic acid anion that results from the removal of a proton from the carboxylic acid group of (R)-pantothenic acid. It has a role as an Escherichia coli metabolite and a mouse metabolite. It derives from a pantoate. It is a conjugate base of a (R)-pantoic acid.
520,"The molecule is a UDP-N-acetylmuramoyl-L-alanyl-D-alanine in which the muramoyl fragment has alpha-configuration at its anomeric centre. It derives from an UDP-alpha-D-MurNAc-L-Ala and an alpha-D-alanine. It is a conjugate acid of an UDP-2,6-diacetamido-3-amino-2,3,4,6-tetradeoxy-alpha-D-glucopyranose(3-)."
521,"The molecule is a monocarboxylic acid anion that is the conjugate base of ent-kaur-16-en-19-oic acid, obtained by deprotonation of the carboxy group; major species at pH 7.3. It has a role as a plant metabolite and an EC 2.5.1.58 (protein farnesyltransferase) inhibitor. It derives from a kaur-16-ene-19-oate."
522,"The molecule is a quercetin O-glucoside that is the 2'',3''-dihydro derivative of myricetin 3-O-(6-deoxy-L-malonyl)-beta-D-glucopyranoside. Isolated from Pisonia aculeata and Myrica rubra, it exhibits antineoplastic activity. It has a role as an antineoplastic agent and a plant metabolite. It is a beta-D-glucoside, a carboxylic ester, a monosaccharide derivative, a polyphenol, a quercetin O-glucoside and a dimethoxyflavone."
523,The molecule is a cholesterol ester obtained by the formal condensation of cholesterol with linoleic acid. It has a role as a mouse metabolite and an antineoplastic agent. It derives from a linoleic acid.
524,"The molecule is an organic disulfide that results from the formal oxidative dimerisation of 2,4-dimethyldodecane-1-thiol. It has a role as a metabolite and an allergen."
525,"The molecule is the (S)-enantiomer of laudanine. It has a role as an EC 2.1.1.70 [3',4'-methylenedioxytyramine oxidase (quinone)] inhibitor and a plant metabolite. It derives from a (S)-nandinine. It is a conjugate base of a (S)-laudanine(1+)."
526,The molecule is an N-acyl-15-methylhexadecasphing-4-enine in which the acyl group has 29 carbons and 0 double bonds and is 2-hydroxylated. It derives from a 15-methylhexadecasphing-4-enine.
527,"The molecule is a member of the class of chromenes that is (3S)-chromene which is substituted by methoxy groups at positions 6 and 7, cyclopropylmethyl group at position 2, an amino group at position 5, and a [4-amino-5-(hydroxymethyl)pyrimidin-2-yl]methyl group at position 3. It has been found to inhibit the growth of several human cancer cell lines including A-549 lung carcinoma cells, HT-29 colon adenocarcinoma cells, SK-OV-3 ovarian cancer cells, U87 glioblastoma cells, and PC-3 prostate cancer cells. It has a role as an antineoplastic agent, an apoptosis inducer and an EC 1.5.1.3 [dihydroorotate oxidase (fumarate)] inhibitor. It is a member of pyrimidines, a primary amino compound, a secondary amino compound, a polyether, a member of chromenes and a member of cyclopropanes."
528,"The molecule is a thienopyridine that consists of 4,5,6,7-tetrahydrothieno[3,2-c]pyridine bearing an additional phenyl substituent at position 1. It has a role as a P2Y12 receptor antagonist and an anticoagulant."
529,"The molecule is a steroid acid that consists of 5alpha-cholestan-26-oic acid bearing oxo substituents at positions 3 and 7 as well as methyl and vinyl substituents at position 4. An intermediate in the biosynthesis of ergosterol by Candida albicans It has a role as a Candida albicans metabolite. It is an enone, a 3-oxo-Delta(1) steroid, a 7-oxo steroid, a steroid acid, a polyketide and a monocarboxylic acid."
530,"The molecule is a member of the class of benzamides obtained by formal condensation of the carboxy group of salicylic acid with one of the amino groups of aniline. It has a role as an EC 2.3.1.48 (histone acetyltransferase) inhibitor, an antineoplastic agent and an apoptosis inducer. It derives from a salicylanilide and a salicylic acid."
531,The molecule is an N(2)-acylglutamine resulting from the formal condensation of the amino group of L-glutamic acid with the carboxy group of 4-indoleacetic acid. It has a role as a plant metabolite and a human urinary metabolite. It derives from a 4-indolylacetic acid.
532,The molecule is a trisaccharide consisting of two beta-D-glucopyranose residues and an L-arabinofuranose residue joined in sequence by (1->2) glycosidic bonds. It derives from a beta-D-Glcp-(1->2)-beta-D-Glcp and a L-arabinofuranose.
533,The molecule is a glycosylgalactose consisting of beta-L-fucopyranose and D-galactopyranose residues joined in sequence by a (1->3) glycosidic bond. It derives from a beta-L-fucose and a D-galactopyranose.
534,The molecule is a polyprenyl glucuronic acid that is 3-deoxy-D-manno-octulosonic acid attached to a undecaprenyl group via a glycosyl phosphate linkage. It has a role as an Escherichia coli metabolite and a mouse metabolite. It derives from a 3-deoxy-D-manno-oct-2-ulopyranosonic acid. It is a conjugate acid of a 3-deoxy-D-manno-octulosonate-1-phosphate-1-undecaprenol(2-).
535,"The molecule is a 1,2-diacyl-sn-glycerol 3-phosphate(2-) obtained by deprotonation of the phosphate OH groups of 1-oleoyl-2-arachidonoyl-sn-glycero-3-phosphate. It is a conjugate base of a 1-oleoyl-2-arachidonoyl-sn-glycero-3-phosphate."
536,"The molecule is a 2-monoglyceride resulting from the condensation of the carboxy group of prostaglandin F2alpha with the 2-hydroxy group of glycerol. It has a role as an antiglaucoma drug, an antihypertensive agent and a vasodilator agent. It derives from a prostaglandin F2alpha."
537,The molecule is a glycosylfucose consisting of an alpha-L-rhamnosyl residue attached at the 3-position to beta-D-galactose. It has a role as an epitope and an antigen.
538,"The molecule is the conjugate base of ammonia; major species at pH 7.3. It has a role as a human metabolite and a cofactor. It is an inorganic molecular entity, a monoatomic nitrogen and a monovalent inorganic anion."
539,"The molecule is a branched octasaccharide comprising eight D-arabinofuranose units, in an assembly consisting of two arabinose residues linked alpha(1->5) with beta-arabinosyl-(1->2)-alpha-arabinosyl and alpha-arabinosyl-(1->3)-beta-arabinosyl tetrasaccharide units linked to respectively the 3- and 5-positions of the residue distal from the reducing-end residue."
540,"The molecule is a linear amino tetrasaccharide comprising an N-acetylglucosamine residue, two galactose residues and one glucose residue (at the reducing end) in a (1->4), (1->3), (1->4) sequence. It has a role as an epitope."
541,"The molecule is a member of the class of 2-benzofurans that is 1,3-dihydro-2H-benzo[f]furan substituted by an oxo group at position 3. It has been isolated from Penicillium species and Aspergillus niger. It has a role as an EC 5.99.1.2 (DNA topoisomerase) inhibitor, an antimicrobial agent, an antineoplastic agent, a Penicillium metabolite and an Aspergillus metabolite."
542,"The molecule is a dicarboxylic acid that consists of 1,4-dioxobuta-1,3-diene bearing two carboxy substituents at positions 2 and 5. It has a role as an Escherichia coli metabolite. It derives from a butadiene-1,4-diol. It is a conjugate acid of a fumarate(2-)."
543,"The molecule is a member of the class of aminotoluenes that is 2,4-diaminotoluene carrying additional hydroxy and hydroxymethyl substituents at positions 5 and 6 respectively. It has a role as an Escherichia coli metabolite, a human xenobiotic metabolite and a mouse metabolite. It is a member of hydroxylamines, an aminotoluene and a substituted aniline. It derives from a 2,4-diaminotoluene."
544,"The molecule is a member of the class of xanthones that is 9H-xanthen-9-one substituted by hydroxy groups at positions 1 and 5, an oxo group at position 8 and a 3-methylbut-1-en-3-yl group at position 2. It has been isolated from Cratoxylum cochinchinense. It has a role as a metabolite and a plant metabolite. It is a member of xanthones, a polyphenol and a cyclic ketone."
545,"The molecule is tetraanion of 5,6,7,8-tetrahydromethanopterin arising from deprotonation of carboxylic acid and phosphate functions; major species at pH 7.3. It has a role as a Saccharomyces cerevisiae metabolite. It derives from a methanopterin(4-)."
546,"The molecule is a member of the class of quinolones that is 4-oxo-1,2,3,4-tetrahydroquinoline which is substituted at positions 1 and 6 by methyl groups, at position 8 by chlorine, and at positions 3 and 7 by amino(p-chlorophenyl)methyl and [(1R)-1-(1H-imidazol-1-yl)ethyl] groups, respectively. It has been found to inhibit the growth of several human tumour cell lines including colon cancer cells. It has a role as an antineoplastic agent and an EC 5.99.1.3 [DNA topoisomerase (ATP-hydrolysing)] inhibitor. It is a quinolone, a secondary amino compound, a tertiary amino compound, a member of imidazoles, an organochlorine compound and a cyclic ketone."
547,"The molecule is a hydroxy monocarboxylic acid anion that results from the removal of a proton from the carboxylic acid group of (S)-3,4-dihydroxybutanoic acid. It derives from a butyrate. It is a conjugate base of a (S)-3,4-dihydroxybutyric acid and a (S)-3,4-dihydroxymandelic acid."
548,"The molecule is a 3beta-sterol that consists of 4alpha,12alpha-dimethylandrosta-7,16-diene having an additional alpha-methyl substituent at position 9 and a beta-hydroxy group at position 3. It has a role as a human metabolite. It derives from a hydride of a 5alpha-cholestane."
549,"The molecule is a sesquiterpene alkaloid that consists of 19-hydroxysenecionane substituted by an acetyloxy group at position 2, methyl groups at positions 8 and 14, hydroxy groups at positions 3 and 15 and a (6'-acetyloxydaunorubicinyl)carbonyl group attached to the tertiary amino function. It has a role as an antineoplastic agent and a metabolite. It is a dihydroagarofuran sesquiterpenoid, a macrolide, a pyridine alkaloid, a sesquiterpene alkaloid, an acetate ester and a secondary alcohol."
550,"The molecule is a fifteen-membered glycopeptide comprising glycyl, cyclohexylglycyl, alanyl, glycyl, 4-hydroxyphenylalanyl, (5R)-5-(beta-D-galactopyranosyloxy)lysyl, glycyl. alpha-glutamyl, glutaminyl, glycyl, prolyl, lysyl, glycyl, alpha-glutamyl and threonine residues coupled in sequence."
551,"The molecule is a steroid ester that is pregn-4-en-21-yl acetate substituted by oxo groups at positions 3 and 20. It has been isolated from the Hainan soft coral Lobophytum cristatum. It has a role as a coral metabolite, an anti-inflammatory agent and an EC 1.8.1.9 [aldehyde reductase (NADPH)] inhibitor. It is a 20-oxo steroid, a 3-oxo-Delta(4) steroid and a steroid ester."
552,"The molecule is an unsaturated fatty acyl-CoA that results from the formal condensation of the thiol group of coenzyme A with the carboxy group of (8Z,11Z,14Z,17Z)-3-oxoicosatetraenoic acid. It is a long-chain fatty acyl-CoA and an unsaturated fatty acyl-CoA. It derives from an all-cis-icosa-8,11,14,17-tetraenoic acid. It is a conjugate acid of an (8Z,11Z,14Z,17Z)-3-oxoicosatetraenoyl-CoA(4-)."
553,The molecule is an N-acetyl-beta-D-glucosaminide having a 2-nitrophenyl substituent at the anomeric position. It has a role as a chromogenic compound. It is a C-nitro compound and a N-acetyl-beta-D-glucosaminide.
554,"The molecule is an organic heteropentacyclic compound and cyclic hemiketal isolated from the marine sponge Melophlus sarasinorum and has been shown to exhibit cytotoxic activity. It has a role as a metabolite, an antineoplastic agent and an animal metabolite. It is an organic heteropentacyclic compound, a cyclic ether, a lactone, an organoboron compound, a secondary alcohol and a tertiary amino compound."
555,"The molecule is a 2-(4-methoxyphenyl)-1,3-dioxolane in which the stereocentre attached to position 5 has R-configuration while that attached to position 4 has S-configuration. It is an enantiomer of a (S)-(+)-naringenin."
556,The molecule is a steroid phosphate oxoanion obtained by deprotonation of the phosphate OH groups of betamethasone phosphate. It has a role as an anti-inflammatory drug and an immunosuppressive agent. It is a conjugate base of a betamethasone phosphate.
557,"The molecule is a member of the class of pterocarpans that is (6aR,11aS)-pterocarpan substituted by hydroxy groups at positions 3 and 9 and a methoxy group at position 4. It has been isolated from Glycyrrhiza uralensis. It has a role as an antiplasmodial drug and a plant metabolite. It is a member of phenols and a member of pterocarpans."
558,"The molecule is a dicarboxylic acid anion obtained by deprotonation of the carboxy groups of coumarin-3-bis(2,2'-iminodiethyl acetal). It is a conjugate base of a coumarin-3-bis(2,2'-iminodiethyl acetal)."
559,"The molecule is an L-phenylalanine derivative resulting from the formal condensation of the carboxy group of arachidonic acid with the amino group of L-phenylalanine. It has a role as a human xenobiotic metabolite and a mouse metabolite. It is a N-acyl-L-amino acid, a fatty amide and a L-phenylalanine derivative. It derives from an arachidonic acid. It is a conjugate acid of a N-arachidonoyl-L-phenylalaninate."
560,"The molecule is a monocarboxylic acid amide obtained by formal condensation of the carboxy group of 4-(phenylamino)benzoic acid with the amino group of pyridine. It has a role as an EC 2.7.10.2 (non-specific serine/threonine protein kinase) inhibitor, an antineoplastic agent and an apoptosis inducer. It is a member of pyridines, a secondary carboxamide and a monocarboxylic acid amide."
561,"The molecule is a branched amino pentasaccharide consisting of an N-acetyl-D-glucosamine residue, two D-glucose residues and two L-glycero-alpha-D-manno-heptose (Hep) residues (one at the reducing end) in a linear sequence, with three Hep residues linked alpha(1->2), one of which also carries a phospho group. The heposyl residue distal from the reducing-end GlcNAc residue has a further Hep residue attached via an alpha(1->3) linkage. It is an oligosaccharide phosphate and an amino pentasaccharide."
562,The molecule is a beta-alanine derivative that consists of propionic acid bearing an 6-aminohexanoyl substituent. It has a role as a metabolite and a mouse metabolite. It derives from a beta-alanine and a 5-aminopentanoic acid.
563,"The molecule is a member of the class of pradimicins that is isolated from Streptomyces pristinaespiralis. It exhibits antibacterial, antifungal and antineoplastic activities. It has a role as an antimicrobial agent, an antineoplastic agent, an antifungal agent and a bacterial metabolite. It is a cyclic ketone, a polyketide, a secondary alcohol, a tertiary alcohol, a polyphenol and a member of pradimicins."
564,The molecule is an organoammonium salt resulting from the formal reaction of equimolar amounts of (S)-carfentrazone and glycol. It contains a (S)-carfentrazone(1+). It is an enantiomer of a (R)-carfentrazone glycolate.
565,"The molecule is a butan-4-olide having a cyclopropylmethoxy group at the 3-position, a phenylsulfonyl group at the 5-position and two methyl substituents at position 2. It has a role as an EC 1.13.11.34 (arachidonate 5-lipoxygenase) inhibitor and a non-steroidal anti-inflammatory drug. It is a sulfone and a member of cyclopropanes."
566,"The molecule is a homodetic cyclic peptide that consists of L-threonyl, 3-hydroxy-L-lysyl, D-valyl, L-seryl, 3-hydroxy-D-tryptophyl and L-isoleucyl residues coupled in sequence with the thiazole ring being connected to the side chain amino group of the lysyl residue. It has a role as an EC 2.7.10.1 (receptor protein-tyrosine kinase) inhibitor, an antimicrobial agent, an antineoplastic agent, a bacterial metabolite and an antifungal agent."
567,"The molecule is an alpha,omega-dicarboxylic acid that is henicosane in which the methylene hydrogens at positions 2 and 21 have been replaced by carboxy groups. It has a role as a human metabolite. It derives from a hydride of a henicosane."
568,"The molecule is a cyclitol phosphate that is the 1-amino-2,3-dideoxy-scyllo-inososyl derivative of D-ribofuranose 5-phosphate. It has a role as an Escherichia coli metabolite and a mouse metabolite. It derives from a scyllo-inositol."
569,"The molecule is a polyunsaturated fatty acid that is 4,8-dihydronaphthalene substituted by two carboxy groups at positions 1 and 3. It has been isolated from the roots of Rubia yunnanensis. It has a role as an antineoplastic agent, a plant metabolite and an apoptosis inducer. It is a straight-chain unsaturated monocarboxylic acid, a medium-chain fatty acid and a polyunsaturated fatty acid."
570,"The molecule is a 2-oxo monocarboxylic acid that is butanedioic acid in which the hydrogens at positions 3 and 5 are substituted by chlorine. It has a role as an environmental contaminant, a xenobiotic and a herbicide. It is a 2-oxo monocarboxylic acid, an organochlorine compound and an oxo dicarboxylic acid. It derives from a butenedioic acid."
571,"The molecule is a member of the class of imidazoles that carries tert-butoxycarbonyl and 4-chlorophenyl substituents at positions 1 and 3 respectively. It has a role as an EC 2.7.10.2 (non-specific serine/threonine protein kinase) inhibitor, an environmental contaminant and a xenobiotic. It is a member of monochlorobenzenes, a carbamate ester, an aromatic ether and a member of imidazoles."
572,"The molecule is an indole alkaloid that is 1,2,3,4,9,10-hexahydro-6H-5,8b-ethanoindolo[3,2,1-ij]quinoline substituted by a methyl group at position 7 and a methoxycarbonyl group at position 1. It has been isolated from the ethanol extract of the stems of Brucea mollis. It has a role as a metabolite and a plant metabolite. It is an organic heteropentacyclic compound, a methyl ester, an aromatic ether, an alkaloid ester, an indole alkaloid and a monoterpenoid indole alkaloid."
573,The molecule is an aminobenzenesulfonic acid that is benzenesulfonic acid substituted by an amino group at position 2. It has a role as a metabolite and a xenobiotic metabolite.
574,The molecule is a 2-hydroxy monocarboxylic acid that is pyruvic acid in which one of the methyl hydrogens has been replaced by a phenyl group. It derives from an acrylic acid and a pyruvic acid.
575,The molecule is a piperidinemonocarboxylic acid that is pipecolic acid substituted by an oxo group at position 2. It has been isolated from the plant species of the genus Piper. It has a role as a metabolite and a plant metabolite.
576,"The molecule is the stable isotope of boron with relative atomic mass 10.023845, 96 atom percent natural abundance and nuclear spin 3/2."
577,"The molecule is a member of the class of imidazolidines that is 1,4-dihydroimidazolidine which is substituted at positions 2 and 5 by methyl groups and at position 3 by a cis,cis-farnesyl group. It has a role as an antineoplastic agent, an EC 6.4.1.2 (glutamate--ammonia ligase) inhibitor, an apoptosis inducer, an antibacterial agent, an antifungal agent, an antiprotozoal drug, an antiviral agent, a plant metabolite, a rat metabolite and a xenobiotic metabolite. It is a member of imidazolidines and a tertiary amino compound."
578,The molecule is a ceramide 1-phosphate(2-) in which the N-acyl group is specified as tetracosanoyl; major species at pH 7.3. It is a conjugate base of a N-tetracosanoylsphingosine 1-phosphate.
579,"The molecule is an anthraquinone that is 1,6-dihydroxy-9,10-anthraquinone which is substituted by a methyl group at position 2, a hydroxy group at position 3, methoxy groups at positions 5 and 8, a (1E)-4-hydroxy-3-methylbutanoyl group at position 7, and by oxo groups at positions 1 and 6. It has been isolated from the roots of Rubia yunnanensis. It has a role as a plant metabolite. It is an acetate ester, a polyphenol, an aromatic ether, a tertiary alcohol, a secondary alcohol and an anthraquinone."
580,"The molecule is a thiocarbonyl compound that consists of 1,2,4-thiadiazole bearing an amino substituent at position 3. It has a role as a metabolite and an allergen."
581,"The molecule is a pyridine nucleotide having pyridinium-4,5-dicarbamoylmethylidene as the nucleobase. It has a role as an Escherichia coli metabolite and a mouse metabolite. It derives from a nicotinic acid D-ribonucleotide."
582,"The molecule is a monosaccharide derivative that consists of 9,10-anthraquinone bearing an alpha-D-glucosyloxy substituent at position 2. It has been isolated from the roots of Rubia yunnanensis. It has a role as a plant metabolite and an antineoplastic agent. It is a beta-D-glucoside, a monosaccharide derivative and a member of anthracenes."
583,"The molecule is an alpha,beta-unsaturated monocarboxylic acid that is trans-2-dodecenoic acid in which one of the hydrogens at position 13 has been replaced by a methyl group. It is an alpha,beta-unsaturated monocarboxylic acid, an alkanoic acid and a medium-chain fatty acid."
584,"The molecule is an organic heteroheptacyclic compound that is 1H,6H-2,5-epoxyoxocino[3',4':7,8]furo[2,3-h]chromen-9(10H)-one substituted by a hydroxy group at position 1 and methoxy groups at positions 4a and 10. It has been isolated from the leaves of Calophyllum brasiliense. It has a role as a metabolite and a plant metabolite. It is a gamma-lactone, an aromatic ether, an enol, an organic heteroheptacyclic compound and an oxacycle."
585,"The molecule is a diketone that consists of pentane bearing two oxo substituents at positions 2 and 4 as well as an hydroxy substituent at position 3. It has a role as a metabolite, a Saccharomyces cerevisiae metabolite and an Escherichia coli metabolite. It is a secondary alcohol, a methyl ketone and a diketone."
586,"The molecule is a stilbenoid isolated from the stems of Kobresia nepalensis and has been shown to exhibit inhibitory activity against NF-kappaB. It has a role as an antineoplastic agent, a metabolite and a NF-kappaB inhibitor. It is a member of resorcinols, an olefinic compound, an aromatic ether and a stilbenoid."
587,"The molecule is a 3beta-hydroxy steroid that consists of 5alpha-androstane bearing two additional hydroxy substituents at positions 17 and 20. It has a role as an androgen, a human metabolite, a Daphnia magna metabolite and a mouse metabolite. It derives from a hydride of a 5alpha-androstane."
588,"The molecule is a spirostanyl glycoside that consists of (3beta,5alpha,6beta)-spirostan-17-ol attached to a beta-D-glucopyranosyl residue at position 3 and a alpha-L-rhamnopyranosyl-(1->2)-beta-D-galactopyranoside moiety at position 6 via a glycosidic linkage. Isolated from the whole plants of Silybum marianum, it exhibits inhibitory activity against HIV-1 reverse transcriptase. It has a role as an EC 2.7.7.49 (RNA-directed DNA polymerase) inhibitor and a plant metabolite. It is a cyclic ether, a monosaccharide derivative, a disaccharide derivative, a spirostanyl glycoside and a tertiary alcohol."
589,"The molecule is a steroid glucosiduronic acid obtained by formal condensation of the carboxy group of hyocholic acid with the anomeric hydroxy group of beta-D-glucuronic acid. It has a role as a human urinary metabolite and a rat metabolite. It is a beta-D-glucosiduronic acid, a dicarboxylic acid monoester, a 3alpha-hydroxy steroid, a 7alpha-hydroxy steroid and a steroid glucosiduronic acid. It derives from a hyocholic acid. It is a conjugate acid of a hyocholate 24-O-(beta-D-glucuronide)(1-)."
590,"The molecule is an aryl sulfate that is 6,7-dimethylisoalloxazine carrying two additional sulfo substituents at positions 4' and 4''. It has a role as a human metabolite. It derives from a hydride of an isoalloxazine."
591,The molecule is a (2S)-2-methylacyl-CoA that results from the formal condensation of the thiol group of coenzyme A with the carboxy group of (2S)-2-methyltetradecanoic acid. It has a role as an Escherichia coli metabolite and a mouse metabolite. It derives from a tetradecanoyl-CoA and a (2S)-2-methyltetradecanoic acid. It is a conjugate acid of a (2S)-2-methyltetradecanoyl-CoA(4-).
592,"The molecule is a linear amino tetrasaccharide comprising an alpha-N-acetylneuraminyl residue (2->3)-linked to the galactose residue of N-acetyllactosamine, which is in turn linked beta(1->4) to another alpha-N-acetylneuraminyl residue. It has a role as an epitope and an antigen. It is an amino tetrasaccharide and a glucosamine oligosaccharide."
593,"The molecule is a hydroxyamine that consists of 3-(methylsulfanyl)alanine bearing an additional amino substituent at position 2 as well as a hydroxy group attached to the alpha-nitrogen. It is a primary alcohol, a member of hydroxylamines and a methyl sulfide."
594,"The molecule is a 1,2-diacyl-sn-glycero-3-phosphoethanolamine(1-) in which the acyl substituents at positions 1 and 2 are specified as arachidonoyl and oleoyl respectively; major species at pH 7.3. It derives from an arachidonic acid and an oleic acid. It is a conjugate base of a N-arachidonoyl-1-oleoyl-sn-glycero-3-phosphoethanolamine."
595,The molecule is a single-stranded DNA polynucleotide consisting of two deoxyguanosine residues connected by 3'->5' phosphodiester linkages and with a phosphoric residue at the 5' terminus.
596,"The molecule is a maleate salt obtained by combining enalaprilat with one molar equivalent of maleic acid. An angiotensin-converting enzyme (ACE) inhibitor, it is used in the treatment of hypertension and heart failure. It has a role as an EC 3.4.15.1 (peptidyl-dipeptidase A) inhibitor, an antihypertensive agent and a cardioprotective agent. It contains an enalaprilat(1+)."
597,"The molecule is a sulfonamide consisting of pyrimidine having a 4-chlorophenylsulfamoyl group at the 2-position. It has a role as an antiinfective agent, an EC 2.5.1.15 (dihydropteroate synthase) inhibitor and an antibacterial drug. It is a member of pyrimidines, a sulfonamide, a member of monochlorobenzenes and a sulfonamide antibiotic."
598,The molecule is a N-acylsphingosine in which the ceramide N-acyl group is specified as pentacosanoyl. It has a role as a Papio hamadryas metabolite and an EC 3.4.21.98 (prolyl oligopeptidase) inhibitor. It derives from a pentacosanoic acid.
599,"The molecule is a member of the class of benzodioxoles that is 6-methoxyflavanone attached to a beta-D-glucopyranosyloxy residue at position 7 via a glycosidic linkage. It has been isolated from Pisonia aculeata. It has a role as a metabolite and a plant metabolite. It is an aromatic ether, a monosaccharide derivative, a member of benzodioxoles and a beta-D-glucoside."
600,The molecule is trication of spermidine arising from protonation of all three amino groups; major species at pH 7.3. It has a role as an Escherichia coli metabolite and a Saccharomyces cerevisiae metabolite. It is a conjugate acid of a spermidine.
601,"The molecule is an arenesulfonate ester that is 2-(trifluoromethyl)benzenesulfonic acid in which the hydrogen of the hydroxy group has been replaced by a 6-phenoxyquinolin-8-yl group. It is used as a fluorescent probe for detecting reactive oxygen species and nitric oxide. It has a role as a fluorochrome, a nitric oxide donor, a biological pigment, an antioxidant and a probe. It is an organofluorine compound, an aryl sulfate, a member of quinolines and a ring assembly."
602,"The molecule is a retinol in which the double bond at position 9 has cis configuration, while that at position 16 has trans configuration. It derives from an all-trans-retinol and a 9-cis-retinol."
603,"The molecule is a 1,2-diacyl-sn-glycerol in which the acyl groups positions 1 and 2 are specified as lauroyl and oleoyl respectively. It has a role as a mouse metabolite. It derives from an oleic acid and a dodecanoic acid."
604,"The molecule is a spirostanyl glycoside that consists of (3beta,5alpha,6beta)-spirostan-17-ol having beta-D-glucopyranosyl and alpha-L-rhamnopyranosyl residues attached at positions 3 and 28 respectively via glycosidic linkages. Isolated from the roots of Breynia fruticosa, it exhibits cytotoxicity against human cancer cell lines. It has a role as an antineoplastic agent and a plant metabolite. It is a monosaccharide derivative, a spirostanyl glycoside, a hexacyclic triterpenoid and a cyclic hemiketal."
605,"The molecule is a pentacyclic triterpenoid that is olean-12-ene substituted by an alpha-hydroxy group at position 3 and a carboxy group at position 28. It has been isolated from the leaves of Fatsia polycarpa. It has a role as a plant metabolite. It is a hydroxy monocarboxylic acid, a pentacyclic triterpenoid and a secondary alcohol. It derives from a hydride of an oleanane."
606,The molecule is an N-acylmorpholine obtained by formal condensation of the carboxy group of (3Z)-dodec-3-enoic acid with the amino group of morpholine. It has a role as a human xenobiotic metabolite and a mouse metabolite.
607,The molecule is a cobalt coordination entity consisting of two chlorine ions bound to a central cobalt atom. It has a role as an Escherichia coli metabolite and a cofactor.
608,The molecule is an organosulfonate oxoanion obtained by deprotonation of the sulfonic acid groups of Acid blue 20. It is a conjugate base of an Acid blue 20 (acid form).
609,The molecule is a member of the class of sulfamic acids that is sulfamic acid in which one of the amino hydrogens has been replaced by an 8-methylnonyl group. It has a role as a kairomone and a Daphnia pulex metabolite. It derives from a tungstate(1-).
610,"The molecule is a diamino-1,3,5-triazine that is 6-isobutyl-1,3,5-triazin-2-amine substituted by an amino group at positions 4 and 6. It has a role as a xenobiotic metabolite."
611,"The molecule is a member of the class of benzoic acids that is 1,3,5-triiodo-2-acetamidobenzoic acid in which one of the hydrogens attached to the nitrogen atom at position 6 has been replaced by an acetyl group. It has a role as a radioopaque medium and a xenobiotic metabolite. It is a N-acetyl-amino acid, an organoiodine compound and a member of benzoic acids."
612,The molecule is a phosphatidylcholine 38:4 in which the acyl groups specified at positions 1 and 2 are octadecanoyl and arachidonoyl respectively. It derives from an arachidonic acid and an octadecanoic acid.
613,"The molecule is an organic cation obtained by protonation of the five amino groups and deprotonation of the carboxy group of streptothricin D. It has a role as a bacterial metabolite. It is an ammonium ion derivative, an organic cation and a monocarboxylic acid anion. It is a conjugate base of a streptothricin D."
614,"The molecule is an organic cation obtained by protonation of both amino groups of spermidine. It has a role as a human metabolite and a fundamental metabolite. It is an ammonium ion derivative, an organic cation and an iminium ion. It is a conjugate acid of a spermidine(2+)."
615,"The molecule is a nitrile that consists of hydrogen and carbon carrying two cyano substituents. It has a role as an EC 3.5.1.4 (amidase) inhibitor, a metabolite, a human xenobiotic metabolite and a mouse metabolite."
616,"The molecule is a biladiene that consists of 1,2-dihydrophenalene-3,4-dione bearing two indol-3-ylmethyl substituents at positions 5 and 6 as well as two carboxyethyl substituents at positions 7 and 8. The parent of the class of bilirubinoids. It has a role as an antioxidant, a human metabolite, a mouse metabolite and a cofactor."
617,The molecule is a sialotriaosylceramide consisting of two sialo residues attached to the primary hydroxy function of ceramide. It has a role as an epitope. It derives from a beta-D-GalNAc-(1->4)-[alpha-Neu5Ac-(2->3)]-beta-D-Gal-(1->4)-beta-D-Glc-(1<->1')-Cer(d18:1/20:0).
618,"The molecule is a tetrahydroxyflavan that consists of (2S)-flavan substituted by hydroxy groups at positions 3, 5, 7 and 4' respectively. It has been isolated from the buds of Cleistocalyx operculatus. It has a role as a plant metabolite."
619,"The molecule is a long-chain fatty acid ethyl ester resulting from the formal condensation of the carboxy group of oleic acid with the hydroxy group of ethanol. It has a role as an EC 3.1.1.7 (acetylcholinesterase) inhibitor, a plant metabolite and an insect repellent. It derives from an oleic acid."
620,"The molecule is a butan-4-olide having a (2-methoxysulfonyl)oxy group at the 3-position and two methyl substituents at the 5-position. It has a role as an EC 6.4.1.2 [acetyl-CoA carboxylase (carboxylating)] inhibitor, a herbicide, an agrochemical and a carotenoid biosynthesis inhibitor. It is a butan-4-olide and a sulfone."
621,"The molecule is an organoammonium salt resulting from the formal reaction of equimolar amounts of iodomethoate and L-thyroxine. It contains a 1,3,5-triiodo-L-thyroninate."
622,"The molecule is pentaanion of malonyl-CoA arising from deprotonation of phosphate, diphosphate and carboxylic acid functions. It has a role as a human metabolite. It is a conjugate base of a malonyl-CoA."
623,"The molecule is a decanoate ester obtained by formal condensation of the carboxy group of decanoic acid with the hydroxy group of 5-bromoindole-3-acetic acid. It has a role as an anti-inflammatory agent and a serotonergic agonist. It is a member of indoles, an organobromine compound and a decanoate ester."
624,"The molecule is a member of the class of chalcones that consists of trans-chalcone substituted by hydroxy groups at positions 4 and 2', an prenyloxy group at position 3' and a methyl group at position 4'. Isolated from the buds of Cleistocalyx operculatus, it has been shown to exhibit inhibitory effects on the viral neuraminidases from two influenza viral strains, H1N1 and H9N2. It has a role as a plant metabolite and an EC 3.2.1.18 (exo-alpha-sialidase) inhibitor. It is a member of chalcones, a polyphenol and an aromatic ether."
625,"The molecule is a C-glycosyl compound that consists of (1R)-2,3,4,9-tetrahydro-1H-cyclopenta[c]quinoline bearing two hydroxy substituents at positions 6 and 8 as well as an alpha-L-arabinopyranosyloxy substituent at position 7. It has a role as a metabolite. It is a member of cyclopentaphenones, a monohydroxyquinoline, a C-glycosyl compound and a secondary alcohol."
626,"The molecule is a furanocoumarin that is 2H-furo[3,2-g]chromen-7-one substituted by hydroxy group at position 5, a tert-butyloxy group at position 6 and a (1S)-1-hydroxy-4-methylpentan-2-yl group at position 8. Isolated from the roots of Ferula fukanensis, it inhibits production of nitric oxide (NO). It has a role as a metabolite and an EC 1.14.13.39 (nitric oxide synthase) inhibitor. It is a furanocoumarin, a member of phenols and an aromatic ether."
627,The molecule is a gamma-amino acid that consists of cyclohexanecarboxylic acid bearing an amino substituent at position 4. It has a role as a human metabolite and a mouse metabolite. It derives from a cyclohexane-1-carboxylic acid.
628,"The molecule is an epoxide isolated from the fermentation broth of Streptomyces sp. E-1623 that exhibits inhibitory activity against acyl-CoA:cholesterol acyltransferase 2. It has a role as an EC 2.3.1.26 (sterol O-acyltransferase) inhibitor and a bacterial metabolite. It is an enamide, an epoxide, a cyclic ketone, a secondary alcohol, a tertiary alcohol, a diol, a monocarboxylic acid amide and a secondary carboxamide."
629,"The molecule is a dihydroxydocosahexaenoate that is the conjugate base of (4Z,7Z,10Z,12E,16Z,19Z)-14,22-dihydroxydocosahexaenoic acid, obtained by deprotonation of the carboxy group; major species at pH 7.3. It is a conjugate base of a (4Z,7Z,10Z,12E,16Z,19Z)-14,22-dihydroxyicosapentaenoic acid."
630,The molecule is a heterodetic cyclic peptide consisting of the linear sequence Cys-Gly-Cys-Ser-Thr-Lys-Glu-Asn-Leu-Gln-Phe-Tyr-His-Ala-Asp-Val-Met-Leu-Pro-Arg-Leu-Glu-Thr-Ile-Lys-Ser-Gly-NH2 cyclised by two disulfide bridges from the thiol groups of each cysteine residue. It has a role as an epitope and a metabolite.
631,The molecule is a (2S)-2-hydroxy monocarboxylic acid that is lactic acid in which one of the methyl hydrogens has been replaced by a phenyl group. It derives from a rac-lactic acid.
632,"The molecule is a member of the class of 3,4-dihydroxybenzenes that is catechol in which one of the hydrogens ortho to both hydroxy groups has been replaced by a nitro group. It has a role as an Escherichia coli metabolite and a mouse metabolite. It is a C-nitro compound and a member of 3,4-dihydroxybenzenes."
633,"The molecule is a 3',5'-cyclic purine nucleotide(1-) that results from the removal of a proton from the phosphate group of 8-bromoguanosine 3',5'-cyclic monophosphate; major species at pH 7.3 It derives from a 3',5'-cyclic GMP(1-). It is a conjugate base of an 8-bromoguanosine 3',5'-cyclic monophosphate."
634,The molecule is a D-galactosylsphingosine in which the ceramide N-acyl group is specified as docosanoyl. It has a role as a mouse metabolite and a rat metabolite. It derives from a docosanoic acid.
635,"The molecule is a monosaccharide derivative that consists of trans-sinapic acid attached to a beta-D-glucopyranosyl residue at position 2 via a glycosidic linkage. It has a role as an antioxidant and a plant metabolite. It is a member of methoxybenzenes, a primary alcohol, a cinnamate ester and a monosaccharide derivative. It derives from a trans-sinapic acid."
636,The molecule is an L-polyhomomethionine zwitterion obtained by transfer of a proton from the carboxy to the amino group of L-tetrahomomethionine; major species at pH 7.3. It has a role as a human metabolite and a Saccharomyces cerevisiae metabolite. It is a tautomer of a L-tetrahomomethionine.
637,"The molecule is a member of the class of azabicycloalkanes that is (3aS,4R,7aR)-1-azabicyclo[3.2.0]heptanecarboxamide substituted at position 6 by an O-sulfooxy group and at position 5 by an oxo group. It has a role as a bacterial metabolite. It is an amino acid amide, an alicyclic ketone, an organic sulfate and a member of azabicycloalkanes."
638,"The molecule is a diterpene glycoside that is the 19-O-beta-D-glucopyranosyl derivative of steviol. It has a role as an anti-inflammatory agent, a plant metabolite and a sweetening agent. It is a beta-D-glucoside, a lactone, a bridged compound, a diterpenoid, a monosaccharide derivative, a monocarboxylic acid and a tirucallane diterpenoid. It derives from a steviol."
639,"The molecule is a catechin that consists of (+)-catechin bearing an additional hydroxy substituent at position 6'. It has a role as a metabolite, an antioxidant and an EC 3.2.1.48 (protein-tyrosine-phosphatase) inhibitor."
640,"The molecule is a cytochalasan alkaloid found in Chaetomium globosum. It has a role as an antineoplastic agent and a Chaetomium metabolite. It is a cytochalasan alkaloid, an epoxide, a member of indoles, a macrocycle and an acetate ester."
641,"The molecule is a member of the class of pyridines that is pyridine substituted by chloro groups at positions 2 and 6. It has a role as an environmental contaminant, a xenobiotic and a herbicide."
642,"The molecule is a carbohydrate acid derivative anion that is the conjugate base of 2-O-(alpha-D-glucopyranosyl)glycerol, obtained by deprotonation of the carboxy group; major species at pH 7.3. It derives from a glycerol. It is a conjugate base of an alpha-D-galactose."
643,"The molecule is an L-lysine derivative that is the sulfonamide obtained by formal condensation of the sulfo group of 5-(dimethylamino)naphthalene-1-sulfonic acid with the epsilon-amino group of L-lysine. It has a role as a fluorochrome, a carcinogenic agent and an allergen. It is a N-acyl-L-lysine, a sulfonamide and a non-proteinogenic L-alpha-amino acid."
644,The molecule is an amino cyclitol that is scyllo-inositol in which the hydroxy group at position 1 is replaced by a guanidino group. It derives from a scyllo-inositol.
645,"The molecule is a monocarboxylic acid that consists of acrylic acid bearing an amino substituent at position 2. It has a role as a human metabolite, an Escherichia coli metabolite and a mouse metabolite. It derives from an acrylic acid."
646,"The molecule is an L-methionine derivative that is the ester obtained by formal condensation of the carboxy group of L-methionine with the 3'-hydroxy group of AMP. It has a role as a Mycoplasma genitalium metabolite and a Mycoplasma pneumoniae metabolite. It is an adenosine 5'-phosphate, a L-methionine derivative, an alpha-amino acid ester and a purine ribonucleoside 5'-monophosphate. It derives from an adenosine 5'-monophosphate."
647,The molecule is a 2-hydroxy fatty acid that is alpha-linolenic acid in which the pro-R hydrogen at position 2 has been replaced by a hydroxy group. It derives from an alpha-linolenic acid.
648,"The molecule is a member of the class of ureas that is urea in which one of the hydrogens attached to each nitrogen has been replaced by an amino group. It derives from a 1,2-urea and a carbamic acid."
649,"The molecule is a phenyl acetate obtained by the formal condensation of hydroxy group of 2-(acetyloxy)benzene-1,4-diol with acetic acid. It has a role as an antifungal agent and a plant metabolite."
650,"The molecule is an amino acid zwitterion, obtained by transfer of a proton from the carboxylic acid group to the amino group of (2S,3R)-4-hydroxy-D-phenylalanine. It is an enantiomer of a (2R,3S)-4-hydroxy-L-phenylalaninate. It is a tautomer of a (2S,3R)-4-hydroxy-D-phenylalanine."
651,"The molecule is a heparan sulfate consisting of alpha-L-idopyranuronic acid and 2N,6-O-disulfo-alpha-D-glucosamine residues joined in sequence by a (1->4) glycosidic bond. Sequence: IdoA-GlcNS6S. It is an amino disaccharide, a member of glucosamine sulfates, a heparin disaccharide and an oligosaccharide sulfate."
652,The molecule is a 1-phosphatidyl-1D-myo-inositol 5-phosphate in which the phosphatidyl acyl groups at positions 1 and 2 are specified as stearoyl and arachidonoyl respectively. It derives from an octadecanoic acid and an arachidonic acid. It is a conjugate acid of a 1-stearoyl-2-arachidonoyl-sn-glycero-3-phospho-1D-myo-inositol 5-phosphate(3-).
653,"The molecule is a member of the class of quinolines that is 1,2-dihydroquinoline which is substituted at positions 4 and 8 by trifluoromethyl groups, and at position 3 by a (2-hydroxycyclohexyl)oxy group. It has a role as an EC 2.7.10.1 (receptor protein-tyrosine kinase) inhibitor and an antineoplastic agent. It is a tertiary alcohol, an aromatic ether, a member of quinolines, an organofluorine compound and a secondary amino compound."
654,"The molecule is a member of the class of chalcones that is trans-chalcone substituted by hydroxy groups at positions 2', 4 and 6' and methoxy groups at positions 3', 5' and 7 respectively. It has a role as an antiplasmodial drug and a metabolite. It is a member of chalcones, a polyphenol and a dimethoxybenzene."
655,"The molecule is a HODE that consists of 9E,12Z-octadecadienoic acid bearing an additional 13-hydroxy substituent. It has a role as a metabolite and a mouse metabolite."
656,"The molecule is a dihydroxybenzoic acid that is 1,4-dihydroxybenzoic acid in which the hydrogen at position 2 has been replaced by a hydroxy group. It has a role as an Escherichia coli metabolite and a plant metabolite. It is a dihydroxybenzoic acid and a member of naphthols."
657,"The molecule is a member of the class of protoporphyrins that is 7,15-bis(methoxycarbonyl)protoporphyrin in which all four pyrrole hydrogens are replaced by vinyl groups. It has a role as an epitope and a photosensitizing agent. It derives from a protoporphyrin."
658,"The molecule is a sphingoid that is the C17 analogue of sphingosine. It has a role as an EC 2.4.1.80 (ceramide kinase) inhibitor, a human metabolite and a mouse metabolite. It derives from a sphingosine. It is a conjugate base of a tetradecasphingosine(1+)."
659,"The molecule is an omega-hydroxy fatty acid ascaroside obtained by formal condensation of the alcoholic hydroxy group of (2E)-13-hydroxytetradec-2-enoic acid with ascarylopyranose (the alpha anomer). It is a metabolite of the nematode Caenorhabditis elegans. It has a role as a Caenorhabditis elegans metabolite. It is an alpha,beta-unsaturated monocarboxylic acid and an omega-hydroxy fatty acid ascaroside. It derives from a (2E)-13-hydroxytetradec-2-enoic acid. It is a conjugate acid of an oscr#26(1-)."
660,"The molecule is a homodetic cyclic peptide composed of L-threonine, L-valine and two 2,8-didehydro-3E,6S-epoxyisoquinovinyl residues joined in sequence. Isolated from the marine cyanobacterium Oscillatoria sp. It has a role as an antineoplastic agent, an animal metabolite and a bacterial metabolite. It is a homodetic cyclic peptide and a macrocycle."
661,The molecule is a cyclic tetrapyrrole anion obtained by deprotonation of the four carboxy groups of coproporphyrin III. It has a role as a human metabolite and a Saccharomyces cerevisiae metabolite. It is a conjugate base of a coproporphyrin III.
662,The molecule is a quaternary ammonium ion obtained by methylation of the tertiary amino group of (S)-glaucine. It derives from a glaucine.
663,"The molecule is an amino disaccharide consisting of 2-acetamido-2-deoxy-alpha-D-galactopyranose and 2-acetamido-2-deoxy-beta-D-glucopyranose residues joined in sequence by a (1->3) glycosidic bond. It is an amino disaccharide, a member of acetamides and a glycosylglucose derivative."
664,The molecule is a phytoceramide in which the ceramide N-acyl group is specified as 2-hydroxyhexacosanoyl. It has a role as an Arabidopsis thaliana metabolite and a mouse metabolite.
665,"The molecule is an N-acyl-L-alpha-amino acid anion that is the conjugate base of N-arachidonoyl-L-serine, obtained by deprotonation of the carboxy group; major species at pH 7.3. It derives from an arachidonate and a L-serinate. It is a conjugate base of a N-arachidonoyl-L-serine."
666,The molecule is an alpha-amino acid anion that results from the deprotonation of both carboxy groups and protonation of the amino group of nocardicin E. The major species at pH 7.3 It derives from a D-gamma-glutamyl residue. It is a conjugate base of a nocardicin E.
667,"The molecule is a stilbenoid that consists of trans-resveratrol substituted at position 3 by a beta-D-glucosyl residue. It has a role as a metabolite and an antioxidant. It is a polyphenol, a stilbenoid, a beta-D-glucoside and a monosaccharide derivative. It derives from a trans-resveratrol."
668,The molecule is a but-2-enoic acid having the double bond at position 3. It has a role as an Escherichia coli metabolite and a mouse metabolite. It is a conjugate acid of a crotonate.
669,"The molecule is a nucleotide-sugar oxoanion that is the conjugate base of CMP-N-acetylmuramoyl-L-alanine, arising from deprotonation of the carboxy and phosphate groups; major species at pH 7.3. It derives from a muramate(2-). It is a conjugate base of a CMP-N-acetylmuramoyl-L-alanine."
670,"The molecule is a trihydroxyicosatrienoic acid that consists of (5Z,8Z,14E)-icosa-5,9,14-trienoic acid bearing three hydroxy substituents at positions 11, 12 and 13. It has a role as a human xenobiotic metabolite."
671,The molecule is a monocarboxylic acid anion resulting from the deprotonation of the carboxy group of gibberellin A17. The major species at pH 7.3. It has a role as a plant metabolite and a human metabolite. It is a conjugate base of a gibberellin A17.
672,"The molecule is a member of the class of phenylureas that is urea in which one hydrogen attached to each nitrogen has been replaced by an N-phenylpropanimidoyl group. It is a member of monochlorobenzenes, a secondary carboxamide and a member of phenylureas."
673,"The molecule is an ammonium ion that is the conjugate acid of 6-aminohexanoic acid, arising from protonation of the primary amino group; major species at pH 7.3. It has a role as a human metabolite and a Saccharomyces cerevisiae metabolite. It derives from a hexanoate. It is a conjugate acid of a 6-aminohexanoic acid."
674,The molecule is an acyl-CoA oxoanion arising from deprotonation of the phosphate and diphosphate OH groups of (R)-carnitinyl-CoA; major species at pH 7.3. It derives from a carnitoyl-CoA(4-).
675,"The molecule is a formate ester resulting from the formal condensation of formic acid with butan-1-ol. It has been isolated from plants like Piper sanguineispicum and Cassia siamea. It has a role as an antifungal agent, a plant metabolite and an insect attractant."
676,The molecule is an organosulfonate oxoanion obtained by deprotonation of the sulfonic acid group of 2-amino-5-[(4-methoxybenzyl)diazenyl]-3-methylbenzene-1-sulfonic acid. It is a conjugate base of a 2-amino-5-[(4-methoxybenzyl)diazenyl]-3-methylbenzene-1-sulfonic acid.
677,"The molecule is a diterpenoid that is (2E,6Z)-farnesol hydroxylated at positions 8 and 15. It has been isolated from the rhizomes of Curcuma kwangsiensis. It has a role as an anti-inflammatory agent, a plant metabolite and an antineoplastic agent. It is a diterpenoid, a polyprenol and a primary alcohol."
678,The molecule is a piperidinium ion that has 4-[2-(carboxymethyl)aminoethyl]phenyl as the N-alkyl group and which is substituted on the piperidine nitrogen by a methyl group and a pimelyl group. It has a role as an epitope.
679,"The molecule is a phenoxyacetate ester obtained by the formal condensation of hydroxy group of 2-(hydroxymethyl)propane-1,3-diol with the carboxy group of syringic acid. It has been isolated from Taxus yunnanensis. It has a role as a plant metabolite and an antineoplastic agent. It is a member of methoxybenzenes, a primary alcohol and a phenoxyacetate ester. It derives from a syringic acid."
680,"The molecule is an organic cation that is 7-(4-anilinonaphthalen-1-yl)-5,6-dimethylquinolin-8-ium substituted by a phenylamino group at position 3. The chloride salt is the histological dye 'methyl green B'"
681,The molecule is a butan-4-olide having a methyl substituent at the 2-position. It has a role as an Escherichia coli metabolite and a mouse metabolite.
682,The molecule is a glucosiduronic acid that consists of beta-D-glucuronic acid having a trans-4-coumaroyl group attached at the 3-position. It has a role as an Arabidopsis thaliana metabolite and a mouse metabolite. It derives from a trans-4-coumaric acid.
683,"The molecule is a C-glycosyl compound that consists of 1,3,6-trihydroxy-2-methoxybenzene substituted by a beta-D-glucopyranosyloxy residue at position 7 and a trans-4,5-dimethoxycinnamoyl group at position 8. Isolated from the leaves of Myrcia multiflora, it exhibits antihyperglycemic activity. It has a role as an EC 3.2.1.20 (alpha-glucosidase) inhibitor and a plant metabolite. It is a cinnamate ester, a dihydroxyflavone, a monomethoxyflavone, a C-glycosyl compound and a polyphenol."
684,"The molecule is a triterpene that is (1S,2E)-geranylgeraniol carrying an additional methyl substituent at position 3. It has a role as a metabolite and a human xenobiotic metabolite."
685,The molecule is a beta-D-galactosyl-N-acylsphingosine in which the acyl group specified is tetracosanoyl. It has a role as a mouse metabolite and a rat metabolite. It derives from a tetracosanoic acid.
686,"The molecule is a biladiene that consists of 1,2-dihydrophenazine substituted by methyl groups at positions 5 and 7, an oxo group at position 6, vinyl groups at positions 3 and 8 and two carboxyethyl groups at positions 4 and 9. It has a role as a mouse metabolite."
687,"The molecule is a 7-methylguanine in which the hydrogen at position N(2) has been replaced by an amino group. It has a role as a human metabolite, a Saccharomyces cerevisiae metabolite and a mouse metabolite."
688,"The molecule is a cytochalasan alkaloid found in Chaetomium globosum. It has a role as an antineoplastic agent and a Chaetomium metabolite. It is a cytochalasan alkaloid, a member of indoles, a macrocycle and a secondary alpha-hydroxy ketone."
689,"The molecule is a member of the class of triazoles that is 1H-triazole carrying amino and 2,3-dichlorophenyl substituents at positions 4 and 5 respectively. It has a role as an EC 2.7.10.2 (non-specific serine/threonine protein kinase) inhibitor. It is a dichlorobenzene, a secondary amino compound and a member of triazoles."
690,The molecule is an alpha-amino acid zwitterion obtained by transfer of a proton from the carboxy to the amino group of 3-methylhistidine; major species at pH 7.3 It has a role as a human metabolite and a Saccharomyces cerevisiae metabolite. It is a tautomer of a 3-methylhistidine.
691,The molecule is an L-polyhomomethionine zwitterion obtained by transfer of a proton from the carboxy to the amino group of L-tetrahomomethionine; major species at pH 7.3. It has a role as a human metabolite and a Saccharomyces cerevisiae metabolite. It is a tautomer of a L-tetrahomomethionine.
692,"The molecule is an organic sodium salt that is the monosodium salt of globostellatic acid A. Isolated from the marine sponge Stelletta globostellata, it exhibits cytotoxicity against P-388 murine leukemia cells. It has a role as a metabolite and an antineoplastic agent. It contains a globostellatate B(1-)."
693,"The molecule is a dimethoxybenzene that is 1,3-dimethoxybenzene substituted by a hydroxymethyl group at position 4. It has been isolated from the stems of Combretum quadrangulare and exhibits cytotoxicity against human oral epidermoid carcinoma. It has a role as an antineoplastic agent and a plant metabolite."
694,"The molecule is a hexadecenoate that is the conjugate base of palmitoleic acid, arising from deprotonation of the carboxylic acid group. It has a role as an algal metabolite and a human xenobiotic metabolite. It derives from a palmitoleate. It is a conjugate base of a palmitoleic acid."
695,"The molecule is an organic heterotetracyclic compound that is 1H,6H-pyrano[4,3-c]isochromene substituted by hydroxy groups at positions 5 and 8, a methoxy group at position 7, a methylenedioxy moiety across positions 9 and 10, a prenyl group at position 2 and an oxo group at position 6. Isolated from the culture broth of Penicillium commune, it exhibits antibacterial activity. It has a role as a metabolite, an antimicrobial agent and an EC 1.14.13.39 (nitric oxide synthase) inhibitor. It is an organic heterotetracyclic compound, an enone, an aromatic ether, a member of phenols, a cyclic ketone and a polyketide."
696,"The molecule is a benzoic acid that consists of 5-aminosalicylic acid bearing an additional phenyl substituent at position 2 and in which the phenolic hydroxy group has been converted into its p-(butylamino)phenyl ether. It is a sulfonamide, a member of benzoic acids and an aromatic ether."
697,The molecule is an acyl-CoA(4-) obtained by deprotonation of the phosphate and diphosphate groups of oscr#36-CoA; major species at pH 7.3. It is a conjugate base of an oscr#36-CoA.
698,The molecule is a ketoaldonic acid that is L-gulonic acid in which the hydroxy group at position 6 has been oxidised to the corresponding ketone. It derives from a L-gulonic acid.
699,"The molecule is a tRNA oligonucleotide comprised of one inosine, two cytidine, one guanosine and three uridine residues connected by 3'->5' phosphodiester linkages in the sequence C-U-G-C-I-C-m(1)I."
700,"The molecule is a quinoline N-oxide that is 1-hydroxyquinoline which is substituted at position 2 by a geranyl group and at positions 3,4 by methyl groups. It has a role as an Escherichia coli metabolite."
701,The molecule is a member of the class of benzylamines that is 2-aminobiphenyl substituted by an aminomethyl group at position N-1. It has a role as a xenobiotic metabolite and a human urinary metabolite.
702,"The molecule is a tetrol that is propane-1,2,3-triol in which the pro-R hydrogens at positions 2 and 3 are substituted by hydroxy groups while one of the anti-R hydrogens is substituted by methyl. It has a role as an Escherichia coli metabolite, a Saccharomyces cerevisiae metabolite, a plant metabolite and a human xenobiotic metabolite."
703,The molecule is a benzoate ester that is beta-D-glucopyranose in which the anomeric hydroxy hydrogen has been replaced by a benzoyl group. It derives from a salicylic acid and a beta-D-glucose.
704,"The molecule is a branched amino pentasaccharide consisting of an alpha-D-mannose residue, two beta-D-mannose residues and an N-acetyl-beta-D-glucosamine residue linked sequentially (1->6), (1->4) and (1->4), to the mannose residue nearest to the reducing end are also linked (1->3) and (1->2) respectively a beta-D-galactose residue and an alpha-L-fucose residue. It has a role as an epitope. It is an amino sugar, an amino pentasaccharide and a glucosamine oligosaccharide."
705,"The molecule is an anthracycline that consists of a tetracene skeleton carrying hydroxy, methyl and oxo substituents at positions 1, 3, 4 and 9 respectively; substituted by a beta-D-glucosyl residue at position 8 via a glycosidic linkage, a 2,6-dideoxy-L-mannosyl-(1->4)-beta-D-ribofuranosyl moiety at position 7 via a glycosidic linkage and a methoxycarbonyl group at position 13. It has a role as an antineoplastic agent, a metabolite and an antimicrobial agent. It is an aminoglycoside antibiotic, a disaccharide derivative, a member of tetracenes, a polyketide, a methyl ester, a tertiary alcohol and an anthracycline antibiotic."
706,"The molecule is a tetrachlorobiphenyl that is biphenyl in which the hydrogens at positions 2, 3, and 4' have been replaced by chlorines. It has a role as an environmental contaminant and a persistent organic pollutant."
707,"The molecule is a monoterpenoid indole alkaloid with formula C21H24N2O3, originallly isolated from the seeds of Strychnos nux-vomica. It has a role as a plant metabolite and an antiplasmodial drug. It is a delta-lactam, a cyclic ketone, a tertiary amino compound, a monoterpenoid indole alkaloid, an organic heterohexacyclic compound and a primary alcohol."
708,The molecule is a 1-(3-pyridyl)piperidinium that has S configuration. It is the major species at pH 7.3. It is an enantiomer of a (R)-nicotine.
709,"The molecule is a benzenedicarboxamide compound having iodo substituents in the 2-, 3- and 6-positions, an N-(bis)[2-hydroxypropyl]glycinamido group at the 4-position and two methyl groups attached to the nitrogen. It has a role as a radioopaque medium, a radioopaque media substrate and a radioopaque contrast agent."
710,"The molecule is an aminopyrimidine that is 2,4-diaminopyrimidin-5(4H)-one in which the hydrogen attached to the nitrogen at position 6 has been replaced by a p-[3'-(1-methylpiperazin-1-yl)phenyl]amino group while one of the hydrogens attached to the amino group at position 4 has been replaced by a 3,4-dimethoxyphenyl group. It is an inhibitor of the tyrosine kinase domain of fibroblast growth factor receptor 1 and 2. It has a role as an EC 2.7.10.1 (receptor protein-tyrosine kinase) inhibitor. It is an aminopyrimidine, a N-arylpiperazine, a secondary carboxamide, a dimethoxybenzene and a tertiary amino compound."
711,"The molecule is a succinate salt obtained by combining equimolar amounts of sulpiride and succinic acid. A dopamine D2 receptor antagonist, it is used as an antidyskinesia agent in the treatment of Parkinson's disease. It has a role as an antiparkinson drug, a dopaminergic antagonist and a second generation antipsychotic. It contains a sulpiride(1+)."
712,The molecule is a peptide cation obtained from the deprotonation of the carboxy group and protonation of the amino group of neosaragmin I (1-). It is a conjugate acid of a neosaragmin I (1-).
713,"The molecule is a cyclic ketone that consists of cyclohexane bearing an oxo substituent. It has a role as a human metabolite, a Saccharomyces cerevisiae metabolite and a mouse metabolite."
714,The molecule is an organic cation obtained by protonation of the tertiary amino function of thioperazine. It is a conjugate acid of a thioperazine.
715,The molecule is a hydroxy fatty acid that is the 3-hydroxy derivative of capric acid. It has a role as an animal metabolite and a human xenobiotic metabolite. It derives from a decanoic acid.
716,"The molecule is a pentacyclic triterpenoid that is urs-12-ene substituted by an oxo group at position 3, hydroxy groups at positions 2 and 28, methyl groups at positions 6, 9, 12, 14a and 20 and a carboxy group at position 23. Isolated from the leaves of Rosa laevigata, it exhibits inhibitory activity against alpha-glucosidase and aldose reductase. It has a role as a metabolite, an EC 3.2.1.20 (alpha-amylase) inhibitor and an EC 1.1.1.21 (aldehyde reductase) inhibitor. It is a dihydroxy monocarboxylic acid, a pentacyclic triterpenoid, a triol and a tertiary alpha-hydroxy ketone."
717,"The molecule is the D-enantiomer of pipecolic acid. It has a role as an Escherichia coli metabolite, a Saccharomyces cerevisiae metabolite and a plant metabolite. It is a conjugate base of a D-pipecolate. It is a conjugate acid of a D-piperonate. It is an enantiomer of a L-pipecolic acid."
718,The molecule is a triterpenoid saponin isolated from the roots of of the Madagascan plant Albizia gummifera and has been shown to exhibit cytotoxic activity. It has a role as an antineoplastic agent and a plant metabolite. It derives from a hydride of an oleanane.
719,"The molecule is dizwitterionic form of cysteine having both carboxy groups in anionic form and both amino groups protonated. It has a role as an Escherichia coli metabolite, a Saccharomyces cerevisiae metabolite and a plant metabolite. It is a tautomer of a cysteine."
720,"The molecule is a steroid glucuronide anion that is the conjugate base of 2-methoxyestrone 3-O-(beta-D-glucuronide) arising from deprotonation of the carboxylic acid function; major species at pH 7.3. It is a beta-D-glucosiduronate, an organic molecular entity and a monocarboxylic acid anion. It derives from a 17-oxo-3-ethoxyestradiol. It is a conjugate base of a 2-methoxyestrone 3-O-(beta-D-glucuronide)."
721,The molecule is a nucleotide-sugar oxoanion arising from deprotonation of the diphosphate OH groups of CDP-beta-D-glucose; major species at pH 7.3. It has a role as a human metabolite and a Saccharomyces cerevisiae metabolite. It derives from an UDP-alpha-D-glucose(2-). It is a conjugate base of a CDP-beta-D-glucose.
722,"The molecule is an optically active form of glutamic acid having L-configuration. It has a role as a nutraceutical, a micronutrient, a human metabolite and a mouse metabolite. It is a glutamine family amino acid, a proteinogenic amino acid, a glutamic acid and a L-alpha-amino acid. It is a conjugate acid of a L-glutamate(1-). It is an enantiomer of a D-glutamic acid."
723,"The molecule is a 3,5-dimethyltyrosine in which the two methyl groups at positions 2 and 4 both have S configuration. It derives from a D-tyrosine."
724,The molecule is a purine ribonucleoside 2'-diphosphate having guanine as the nucleobase. It has a role as an Escherichia coli metabolite and a mouse metabolite. It derives from a GDP. It is a conjugate acid of a guanosine 2'-diphosphate(3-).
725,The molecule is a purine ribonucleoside 5'-monophosphate that is the S-(2R)-4-thia-bicyclo[3.2.1]octane-2-carbonyl ester derivative of AMP. It has a role as an Escherichia coli metabolite and a mouse metabolite. It derives from an adenosine 5'-monophosphate and a (R)-lipoic acid.
726,The molecule is an omega-hydroxy fatty acid ascaroside obtained by formal condensation of the alcoholic hydroxy group of 17-hydroxymargaric acid with ascarylopyranose (the alpha anomer). It has a role as a plant metabolite and an antineoplastic agent. It derives from a 17-hydroxylauric acid.
727,"The molecule is a diterpene that consists of (1S,5R)-2,4,7,8,10,13,13a-octahydronaphtho[2,1-b]furan substituted by methyl groups at positions 6, 9 and 13 as well as an isoprenoid group at position 1. It has been isolated from the Hainan soft coral Lobophytum cristatum. It has a role as a coral metabolite. It is a diterpene, a carbobicyclic compound and an olefinic compound."
728,"The molecule is a withanolide that consists of 5beta,6beta:22alpha,26-diepoxyergosta-7,24-diene substituted by hydroxy groups at positions 3, 12 and 26. Isolated from Paraminabea acronocephala, it exhibits antineoplastic activity. It has a role as an antineoplastic agent, a metabolite and a coral metabolite."
729,The molecule is a hydrate that is the hexahydrate form of magnesium ammonium phosphate. It has a role as an Escherichia coli metabolite and a mouse metabolite. It contains a magnesium ammonium phosphate (anhydrous).
730,The molecule is a 4-alkylaldehyde that is pentanal substituted by an ethyl group at position 4. It has a role as a human metabolite and a plant metabolite.
731,"The molecule is an organic heterooctacyclic compound that is 17-oxohepta[c]pyrrolo[2,3,4-ij]quinoline substituted by hydroxy group at position 8, geminal methyl groups at positions 6 and a (2S)-2-methylbut-3-en-2-yl group at position 5. Isolated from the culture broth of Streptomyces sp. E-1609, it exhibits cytotoxicity against human oral epidermoid carcinoma. It has a role as a metabolite and an antineoplastic agent. It is an organic heterooctacyclic compound, a delta-lactam, a tertiary alcohol, a cyclic ketone, an enone, an aromatic ether, a lactam and an alkaloid."
732,The molecule is an alpha-amino acid zwitterion arising from transfer of a proton from the carboxy to the amino group of 2-methylleucine; major species at pH 7.3. It has a role as a plant metabolite and a Daphnia magna metabolite. It derives from a leucine. It is a tautomer of a 2-methylleucine.
733,"The molecule is a cationic sphingoid that is the conjugate acid of D-glucosylsphingosine, obtained by protonation of the primary amino function; major species at pH 7.3. It has a role as a human metabolite and a Saccharomyces cerevisiae metabolite. It derives from a sphingosine(1+)."
734,"The molecule is a prostaglandin carboxylic acid anion that is the conjugate base of 19-hydroxyprostaglandin F2alpha, obtained by deprotonation of the carboxy group; major species at pH 7.3. It derives from a prostaglandin F2alpha(1-). It is a conjugate base of a 19-hydroxyprostaglandin F2alpha."
735,The molecule is an epoxy(hydroxy)octadecenoic acid that is 9Z-18:1 in which the epoxy group is located across positions 10 and 12 and the hydroxy substituent is located at position 13. It derives from a gamma-linolenic acid.
736,"The molecule is a tetrapeptide composed of L-lysine, L-threonine and two L-tyrosine units joined in sequence by peptide linkages. It has a role as a metabolite. It derives from a L-lysine, a L-threonine and a L-tyrosine."
737,"The molecule is a monocarboxylic acid amide obtained by formal condensation between the carboxy group of (2S)-2-cyano-3,3-dimethylbutanoic acid and the amino group of (1R)-2,4-dichlorobenzylamine. It has a role as an EC 6.4.1.2 (acetyl-CoA carboxylase) inhibitor. It is a monocarboxylic acid amide, a nitrile, a dichlorobenzene and a secondary carboxamide."
738,The molecule is an amidobenzoic acid that consists of anthranilic acid bearing a N-acetyl substituent. It has a role as a metabolite and a mouse metabolite. It derives from an anthranilic acid.
739,The molecule is a 3-hydroxy fatty acyl CoA(4-) arising from deprotonation of the phosphate and diphosphate functions of 3-hydroxytetracosanoyl-CoA; major species at pH 7.3 It derives from a tricosanoyl-CoA(4-). It is a conjugate base of a 3-hydroxytetracosanoyl-CoA.
740,"The molecule is a hydroperoxy fatty acid anion that is the conjugate base of 13-HPODE, obtained by deprotonation of the carboxy group; major species at pH 7.3. It derives from an octadecanoid(1-). It is a conjugate base of a 13-HPODE."
741,"The molecule is a trans-2,3-didehydroacyl-CoA(4-) arising from deprotonation of the phosphate and diphosphate functions of trans-tetradec-2-enoyl-CoA; major species at pH 7.3. It is a monounsaturated fatty acyl-CoA(4-) and a long-chain fatty acyl-CoA(4-). It is a conjugate base of a trans-tetradec-2-enoyl-CoA."
742,The molecule is a fluoroalkane that is decalin in which all of the hydrogens have been replaced by fluorines. It has a role as an environmental contaminant and a xenobiotic. It derives from a hydride of a decalin.
743,"The molecule is an indolocarbazole alkaloid that is 1,3-dihydro-2H-indolizino[5,6-b]carbazol-2-one substituted by a beta-D-glucopyranosyl moiety at position 9 via a glycosidic linkage and chloro groups at positions 8 and 10. It has been isolated from the culture of the fungus Aspergillus niger. It has a role as an antineoplastic agent and an Aspergillus metabolite. It is an indolocarbazole alkaloid, an organochlorine compound and a N-glycosyl compound."
744,The molecule is a gamma-glutamylamino acid that is the N(2)-L-gamma-D-glutamyl derivative of L-isoleucine. It has a role as an Escherichia coli metabolite and a mouse metabolite. It derives from a (S)-2-methylbutyric acid and a L-isoleucine.
745,"The molecule is a tetracyclic triterpenoid that is dammarane which has been substituted by hydroxy groups at the 3beta, 12alpha, and 20 positions. It derives from a hydride of a dammarane."
746,"The molecule is a dihydroxyanthraquinone that is anthracene-9,10-dione substituted by hydroxy groups at positions 2 and 3 and a methyl group at position 4. It has been isolated from the roots of Rubia yunnanensis. It has a role as an antineoplastic agent and a plant metabolite."
747,"The molecule is a member of the class of aminopyrimidines that is 2,6-diamino-5-chloropyrimidine in which one of the amino groups has been acylated by an isopropyl and N'-ethylcarbamimidamido group. It is used as its hydrochloride salt for treatment of malaria. It has a role as an antimalarial. It is an organochlorine compound, an aminopyrimidine, a carboxamidine and a tertiary amino compound."
748,The molecule is a member of the class of catechols that is tyramine in which one of the hydrogens attached to the amino group has been replaced by an acetyl group. It has a role as a human urinary metabolite and a human xenobiotic metabolite. It derives from a N-acetyltyramine.
749,"The molecule is a form of folate that consists of 5,10-methylenetetrahydrofolic acid bearing an N(6)-formyl substituent. It has a role as a mouse metabolite and a rat metabolite. It derives from a folic acid."
750,"The molecule is an organic sodium salt that is the disodium salt of 7-hydroxy-8-{[(phenyldiazenyl)methyl]sulfonyl}naphthalene-1,3-disulfonic acid. It has a role as a histological dye and a fluorochrome. It contains a 4-amino-5-hydroxynaphthalenesulfonate."
751,"The molecule is a diterpenoid of the class of daphnane-type terpenoids isolated from the bark of Fraxinus sieboldiana. It has a role as an anti-inflammatory agent and a plant metabolite. It is a carbotricyclic compound, a cyclic ether, a member of phenols, a monocarboxylic acid and a diterpenoid."
752,"The molecule is a tetrapeptide composed of methyl 5-oxohexanoate, L-alanyl, L-valyl and N(alpha)-chloromethyl-L-alanyl residues joined in sequence. It has a role as an EC 3.4.21.26 (prolyl oligopeptidase) inhibitor. It derives from a methyl 5-oxohexanoate."
753,"The molecule is a 1,3-thiazole that is thiazolidine which is substituted at positions 2 and 4 by benzoyl and 2-hydroxyphenyl groups respectively. It has a role as an EC 6.5.1.1 (methionine gamma-lyase) inhibitor. It is a member of phenols, a monocarboxylic acid and a member of 1,3-thiazoles."
754,"The molecule is an amino pentasaccharide consisting of five 2-O-methyl-L-threo-hexopyranuronosyl residues and one 3,6-dideoxy-3-(methoxyimino)-alpha-D-manno-oct-2-ulosonic acid residue linked in a linear sequence. It has a role as an epitope."
755,"The molecule is a hydroxy fatty acid ascaroside anion that is the conjugate base of oscr#3, obtained by deprotonation of the carboxy group; major species at pH 7.3. It is a conjugate base of an oscr#3."
756,The molecule is a C80 alpha-mycolate having a C54 meromycolic chain with two cis cyclopropyl functions and a saturated C26 alpha-branch. It is produced by Mycobacterium tuberculosis H37Ra. It has a role as a bacterial metabolite. It is an an alpha-mycolate and a hydroxy fatty acid anion. It is a conjugate base of a (2R)-2-[(1R)-1-hydroxy-18-{2-[10-(2-octadecylcyclopropyl)decyl]cyclopropyl}octadecyl]hexacosanoic acid.
757,The molecule is an O-acylcarnitine having malonyl as the acyl substituent. It has a role as a metabolite. It derives from a malonic acid.
758,"The molecule is a dihydroxybenzoate that is the conjugate base of 3,4-dihydroxybenzoic acid. It has a role as an Escherichia coli metabolite and a plant metabolite. It derives from a benzoate. It is a conjugate base of a 3,4-dihydroxybenzoic acid."
759,"The molecule is a ginsenoside found in Panax ginseng and Panax japonicus var. major that is dammarane which is substituted by hydroxy groups at the 3beta, 6alpha, 12beta and 20 pro-S positions, in which the hydroxy group at position 6 has been converted to its beta-D-glucopyranoside, and in which a double bond has been introduced at the 24-25 position. It has a role as an apoptosis inducer, an antioxidant, a neuroprotective agent, a plant metabolite, an anti-inflammatory drug, an antineoplastic agent, a cardioprotective agent, a hepatoprotective agent, a hypoglycemic agent, an EC 3.6.3.9 (Na(+)/K(+)-transporting ATPase) inhibitor, an anticoronaviral agent and an antiviral agent. It is a 12beta-hydroxy steroid, a beta-D-glucoside, a disaccharide derivative, a ginsenoside, a tetracyclic triterpenoid and a 3beta-hydroxy-4,4-dimethylsteroid."
760,"The molecule is an L-methionine derivative that is the ester obtained by formal condensation of the carboxy group of L-methionine with the 3'-hydroxy group of AMP. It has a role as a Mycoplasma genitalium metabolite and a Saccharomyces cerevisiae metabolite. It is an adenosine 5'-phosphate, a L-methionine derivative, an alpha-amino acid ester and a purine ribonucleoside 5'-monophosphate. It derives from an adenosine 5'-monophosphate."
761,"The molecule is an organic cation obtained by protonation of the secondary amino function of (S,R)-nebivolol. It is an ammonium ion derivative and an organic cation. It is a conjugate acid of a (S,R)-nebivolol. It is an enantiomer of a (R,S)-nebivolol(1+)."
762,"The molecule is a monocyclic ketone that consists of furan bearing an oxo substituent at position 3. It has a role as a metabolite and an Escherichia coli metabolite. It is a member of furans, a cyclic ketone and a heteroaryl hydroxy compound."
763,"The molecule is trianion of 2-phospho-5-(2-carboxyethylideneamino)-3-thiolactaldehyde arising from deprotonation of carboxylic acid and phosphate functions. It has a role as a Saccharomyces cerevisiae metabolite, an Escherichia coli metabolite and a human metabolite. It is an organophosphate oxoanion and a monocarboxylic acid anion. It is a conjugate base of a 2-phospho-5-(2-carboxylatoethylideneamino)-3-thiolactaldehyde."
764,"The molecule is a member of the class of xanthones that consists of 1,2,3a,4,5,6,7-octahydrocyclopenta[c]xanthene substituted by hydroxy groups at positions 1 and 8, methoxy group at position 9, phenyl group at position 2, methyl group at position 3a, an oxo group at position 6 and a (2R,3S)-3,4-dihydroxybutanoate ester moiety at position 7. Isolated from Garcinia subelliptica, it exhibits inhibitory activity against alpha-glucosidase and aldose reductase. It has a role as an EC 3.2.1.20 (alpha-amylase) inhibitor, an EC 1.1.1.21 (aldehyde reductase) inhibitor and a plant metabolite. It is a beta-D-glucoside, a member of phenols, an aromatic ether, a monosaccharide derivative, a tertiary alcohol, a secondary alcohol, a member of xanthones and a methyl ester."
765,"The molecule is a hydrate that is the trihydrate form of amiloride hydrochloride. It has a role as an EC 3.6.3.10 (H(+)/K(+)-exchanging ATPase) inhibitor, a sodium channel blocker and a diuretic. It contains an amiloride hydrochloride (anhydrous)."
766,"The molecule is a branched amino heptasaccharide consisting of an alpha-sialyl residue, two beta-D-galactosyl residues, an N-acetyl-beta-D-glucosaminyl residue, another beta-D-galactosyl residue and (at the reducing end) an N-acetyl-alpha-neuraminic acid residue linked sequentially (2->6), (1->4), (1->3), (1->4) and (2->6). It has a role as an epitope. It is an amino heptasaccharide and a glucosamine oligosaccharide."
767,"The molecule is a diterpenoid of the clerodane group isolated from the leaves and twigs of Casearia nigrescens. It exhibits cytotoxicity against human oral epidermoid (KB), liver (hepa59T/VGH), breast (MCF-7) cancer cells as well as antibacterial activity against Gram positive bacteria Staphylococcus aureus and Bacillus subtilis and the acid fast bacterium Mycobacterium smegmatis. It has a role as a metabolite, an antineoplastic agent, an antimicrobial agent and an antitubercular agent. It is a cyclic ether, a tertiary alcohol, a diol, a diterpenoid, a gamma-lactone and a secondary alcohol."
768,"The molecule is a hydroxydocosahexaenoic acid that consists of 4Z,7Z,10Z,12E,16Z,19Z-docosahexaenoic acid bearing an additional 8-hydroxy substituent. It has a role as a metabolite and a mouse metabolite."
769,"The molecule is a 1-phosphatidyl-1D-myo-inositol 4,5-bisphosphate(3-) in which the phosphatidyl acyl groups at positions 1 and 2 are both specified as hexadecanoyl (palmitoyl). It is a conjugate base of a 1,2-dihexadecanoyl-sn-glycero-3-phospho-(1'D-myo-inositol-4,5-bisphosphate)."
770,The molecule is an N-acyl-15-methylhexadecasphing-4-enine in which the acyl group has 29 carbons and 0 double bonds. It derives from a 15-methylhexadecasphing-4-enine.
771,"The molecule is a leukotriene anion that is the conjugate base of 10,11-dihydroleukotriene B4 arising from deprotonation of the carboxylic acid function; major species at pH 7.3. It has a role as a human metabolite and a Saccharomyces cerevisiae metabolite. It derives from an all-cis-5,8,12,14-icosatetraenoate. It is a conjugate base of a 10,11-dihydroleukotriene B4."
772,"The molecule is a dihydroxybenzoate that is the conjugate base of 3-trans-4,5-dihydroxybenzyl alcohol. It has a role as an Escherichia coli metabolite and a plant metabolite. It derives from a sorbate. It is a conjugate base of a 3-trans-4,5-dihydroxybenzyl alcohol."
773,"The molecule is an L-alpha-amino acid anion that is the conjugate base of 3-(hydroxymethyl)-L-tyrosine, obtained by deprotonation of the carboxy group; major species at pH 7.3 It has a role as a human metabolite and a Saccharomyces cerevisiae metabolite. It derives from a L-tyrosinate."
774,The molecule is a glycosylglucose consisting of beta-D-galactopyranose and D-glucopyranose residues joined in sequence by a (1->4) glycosidic bond. It derives from a beta-D-galactose and a D-glucopyranose.
775,"The molecule is a 3-oxo monocarboxylic acid that consists of valeric acid bearing oxo and methyl substituents at positions 2 and 6 respectively. It has a role as an animal metabolite, a human xenobiotic metabolite and a plant metabolite."
776,The molecule is a hydroxy-alkylglucosinolate that has 2-hydroxy-3-methylpentyl as the alkyl group. It derives from a pentylglucosinolate. It is a conjugate base of a glucoiberverin.
777,"The molecule is a germacranolide isolated from Laurus nobilis L. and has been shown to exhibit inhibitory activity against acyl-CoA:cholesterol acyltransferase 2. It has a role as an EC 2.3.1.26 (sterol O-acyltransferase) inhibitor, an antineoplastic agent and a plant metabolite. It is a gamma-lactone, a secondary alcohol and a germacranolide."
778,"The molecule is a 6-chloropurine that consists of inosine bearing an additional chloro substituent at position 9 as well as two fluoro substituents at positions C-2 and C-5 on the purine ring. It has a role as an antineoplastic agent, an antimetabolite, an EC 1.3.1.48 (IMP dehydrogenase) inhibitor, an antimicrobial agent, an antiviral drug, an antiprotozoal drug, an immunosuppressive agent, an apoptosis inducer, an antibacterial agent, an antifungal agent, an antimalarial, an anticoronaviral agent, an antimitotic, an angiogenesis inhibitor, an autophagy inhibitor, an antineoplastic agent, an anticoagulant, an apoptosis inducer, an anticoagulant activity regulator, an antioxidant, an antirheumatic drug, an antineoplastic agent, an antiviral drug, an antinematodal drug, an agrochemical, an antimicrobial agent, an antibacterial drug, an antifungal agent, an antiviral drug, an apoptosis inducer, an angiogenesis inhibitor, an antineoplastic agent, an anticoagulant, an apoptosis inducer, an anticoagulant activity regulator, an antibacterial drug, an antibacterial agent, an antifungal drug, an anticancer agent, an apoptosis inducer, an anticoagulant, an antioxidant, an antibacterial drug, an antifungal drug, an angiogenesis inhibitor,"
779,The molecule is a dipeptide formed from L-alanine and L-tyrosine residues. It has a role as a metabolite.
780,"The molecule is a pentacyclic triterpenoid that is oleanane substituted by hydroxy groups at positions 3 and 24 respectively. It has been isolated from the leaves of Combretum quadrangulare. It has a role as a plant metabolite. It is a diol, a pentacyclic triterpenoid and a secondary alcohol."
781,"The molecule is a steroid acid ester, an acetate ester and a monocarboxylic acid. It has a role as an EC 2.7.1.33 (pantothenate kinase) inhibitor and a bacterial metabolite."
782,The molecule is a GDP-L-fucose(2-) in which the anomeric centre of the fucosyl fragment has alpha-configuration. It is a conjugate base of a GDP-alpha-L-fucose.
783,"The molecule is a member of the class of benzoic acids that is 1,3,5-triiodo-2-acetamidobenzoic acid in which the hydrogens at positions 4 and 6 have been replaced by an acetylamino group. It has a role as a radioopaque medium, a nonionic dye and a drug allergen. It is a N-acetyl-amino acid, a member of benzoic acids and an organoiodine compound."
784,"The molecule is a non-proteinogenic L-alpha-amino acid that is L-alanine in which one of the methyl hydrogens has been replaced by an 8-fluoro-7-oxo-3H-imidazo[1,5-a]pyridin-6-yl group. It is an imidazopyridine, an organofluorine compound and a non-proteinogenic L-alpha-amino acid."
785,The molecule is a sulfur oxoacid. It is a conjugate acid of a trithionate(1-) and a sulfite ion.
786,"The molecule is a member of the class of aminopyrimidines that is 2-aminopyrimidine which carries an additional (3-morpholinopropyl)nitrilo group at position 4 and in which one of the hydrogens attached to the amino group has been replaced by a [5-(6-methoxypyridin-3-yl)pyrimidin-2-yl]nitrilo group. It is an ATP-competitive inhibitor of mTOR with IC50 of 18 nM for mTOR complex 1 and 79 nM for mTOR complex 2. It exhibits antitumour activity against a variety of tumour cell lines including renal cancer, melanoma, non-small cell lung cancer, breast cancer and glioblastoma. It has a role as an EC 2.7.11.1 (non-specific serine/threonine protein kinase) inhibitor, an antineoplastic agent and a mTOR inhibitor. It is a member of morpholines, a secondary amino compound, an aminopyrimidine, a substituted aniline, a member of pyridines and a primary amino compound."
787,The molecule is a hexadecenoyl-CoA that results from the formal condensation of the thiol group of coenzyme A with the carboxy group of trans-hexadec-2-enoic acid. It has a role as an Escherichia coli metabolite and a mouse metabolite. It derives from a trans-hexadec-2-enoic acid. It is a conjugate acid of a trans-hexadec-2-enoyl-CoA(4-).
788,"The molecule is a 4-O-(1H-indol-3-ylcarbonyl)ascaroside derived from (9R)-9-hydroxydecanoic acid. It is a metabolite of the nematode Caenorhabditis elegans. It has a role as a Caenorhabditis elegans metabolite. It is a 4-O-(1H-indol-3-ylcarbonyl)ascaroside, an alpha,beta-unsaturated monocarboxylic acid and an (omega-1)-hydroxy fatty acid ascaroside. It derives from an ascr#20 and a (9R)-9-hydroxydecanoic acid."
789,The molecule is a zwitterion obtained by transfer of a proton from the carboxy to the amino group of cefamandole. It is a conjugate acid of a cefamandole(1-) and a cefamandole(2-).
790,"The molecule is a cationic sphingoid that is the conjugate acid of 3-dehydrohexadecasphinganine, obtained by protonation of the primary amino function; major species at pH 7.3. It is a conjugate acid of a 3-dehydrohexadecasphinganine."
791,The molecule is an S-acyl-4'-phosphopantetheine obtained by deprotonation of the phosphate OH groups of S-octanoyl-4'-phosphopantetheine; major species at pH 7.3. It has a role as a human metabolite and a Saccharomyces cerevisiae metabolite. It derives from an octanoic acid. It is a conjugate base of a S-octanoyl-4'-phosphopantetheine.
792,The molecule is a copper coordination entity consisting of two chlorine atoms bound to each copper atom. It has a role as an EC 3.5.1.98 (histone deacetylase) inhibitor and a mancude metabolite.
793,"The molecule is a diamino-1,3,5-triazine that is 2,6-diamino-1,3,5-triazine substituted by an isopropyl group at position 4 and a chloro group at position 2. It has a role as a herbicide, an environmental contaminant and a xenobiotic. It is a diamino-1,3,5-triazine and a member of monochlorobenzenes."
794,"The molecule is a diterpenoid of the clerodane group isolated from the leaves and twigs of Casearia nigrescens. It exhibits cytotoxicity against human oral epidermoid (KB), breast cancer (MCF-7), liver cancer (hepa59T/VGH) cells and inhibition of nitric oxide production. It has a role as a metabolite, an antineoplastic agent and an EC 1.14.13.39 (nitric oxide synthase) inhibitor. It is an acetate ester, a cyclic ether, a diterpenoid, an organic heterotricyclic compound and a butyrate ester."
795,The molecule is a phosphatidylcholine 42:0 in which the acyl groups specified at positions 1 and 2 are octadecanoyl and docosanoyl respectively. It derives from an octadecanoic acid and a docosanoic acid.
796,"The molecule is an organic sulfamate oxoanion that is the conjugate base of (8-methylnonyl)sulfamic acid. It has been isolated from Daphnia pulex and has been shown to cause morphological changes in the green alga Scenedesmus gutwinskii. It has a role as a kairomone, a Daphnia pulex metabolite and a marine xenobiotic metabolite. It derives from a 6-methylheptan-1-ol."
797,The molecule is a cyanine dye and an organic iodide salt. It has a role as a fluorochrome. It contains a tetracyninium ion.
798,The molecule is a phosphorus oxoacid. It is a conjugate acid of a dihydrogenphosphate(2-) and a hydrogenphosphite.
799,"The molecule is a nucleotide-sugar oxoanion arising from deprotonation of the diphosphate OH groups of dTDP-4-dehydro-2,6-dideoxy-alpha-D-glucose; major species at pH 7.3. It has a role as a bacterial metabolite. It derives from a dTDP-beta-L-rhamnose(2-). It is a conjugate base of a dTDP-4-dehydro-2,6-dideoxy-alpha-D-glucose."
800,"The molecule is a para-terphenyl that consists of three 4,6-dihydroxybenzyl groups attached to position 1'. It has been isolated from Aspergillus taichungensis. It has a role as an Aspergillus metabolite and an antineoplastic agent. It is a para-terphenyl, a polyphenol and an aromatic ether."
801,The molecule is a ketoaldonic acid phosphate that is (R)-2-hydroxyglutaric acid carrying an additional phospho substituent at position 3. It has a role as a bacterial metabolite and a mouse metabolite. It derives from a (R)-2-hydroxyglutaric acid. It is a conjugate acid of a (R)-2-hydroxy-3-oxo-4-phosphonatooxybutanoate(3-).
802,"The molecule is a member of the class of hydroxycoumarins that is 4,7-dihydroxycoumarin substituted by geranyl groups at positions 6 and 8. Isolated from Ferula fukanensis, it exhibits antitubercular activity. It has a role as an antineoplastic agent and a plant metabolite."
803,The molecule is a 1-(Z)-alk-1-enyl-2-acyl-sn-glycero-3-phosphocholine in which the alk-1-enyl and acyl groups are specified as (1Z)-hexadecenyl and hexadecanoyl respectively. It has a role as a mouse metabolite.
804,"The molecule is a fluoroether that is the 2,2,3-trifluoroethyl ether of methanol. It has a role as an environmental contaminant and a xenobiotic. It is a fluoroether and an alkyl alcohol."
805,"The molecule is an ortho-fused polycyclic arene that consists of acenaphthylene bearing a single hydroxy substituent at position 1. It has a role as a xenobiotic metabolite and a mouse metabolite. It is an ortho-fused polycyclic arene, a member of phenanthrenes and a member of naphthalenes."
806,The molecule is a sphingoid that is the C20 analogue of phytosphingosine. It derives from a hexadecasphing-4-enine. It is a conjugate base of a C20 phytosphingosine(1+).
807,The molecule is a medium-chain fatty acyl-CoA that results from the formal condensation of the thiol group of coenzyme A with the carboxy group of nonanoic acid. It has a role as an Escherichia coli metabolite and a mouse metabolite. It derives from a nonanoic acid. It is a conjugate acid of a nonanoyl-CoA(4-).
808,"The molecule is an indole alkaloid that is strychnine in which the hydrogen at position 16 has been replaced by a hydroxy group and the methyl ester group attached to the nitrogen has been converted into its methyl ester. It has a role as a plant metabolite, a human urinary metabolite and a rat metabolite. It is an indole alkaloid, an organic heteroheptacyclic compound, a member of phenols, a tertiary amino compound, a methyl ester and a carboxylic ester. It derives from a strychnine."
809,"The molecule is a ceramide phosphoinositol compound having a tetracosanoyl group amide-linked to a C20 phytosphingosine base, with no hydroxylation at C-4 of the long-chain base or on the very-long-chain fatty acid."
810,The molecule is an organic cation obtained by protonation of the four free amino groups of kanamycin X. It is an ammonium ion derivative and an organic cation. It is a conjugate acid of a kanamycin X.
811,"The molecule is a straight-chain, monounsaturated fatty acid composed of 26 carbon atoms. It has a role as an algal metabolite and a plant metabolite."
812,"The molecule is a glucotriose consisting of two alpha-D-glucopyranosyl residues and an alpha-D-glucopyranoside in sequence, joined by (1->6) glycosidic bonds. It derives from an alpha-cellobiose and an alpha-maltose."
813,"The molecule is a (hydroxyiodo)benzoic acid that is 3,5-diiodosalicylic acid in which the phenolic hydroxy group at position 4 has been converted into its corresponding 2,4,6-triiodophenol derivative. It derives from a salicylic acid and a 1,3,5-triiodobenzene."
814,"The molecule is a member of the class of pentalenones that is 10H-pentaleno[2,3-b]pyran-10,11-dione substituted by geminal methyl groups at position 5, an oxo group at position 9 and hydroxy groups at positions 4 and 6 respectively. It has been isolated from Aspergillus taichungensis. It has a role as an Aspergillus metabolite. It is a cyclic ketone, a polyketide, a tertiary alcohol, a secondary alcohol and a member of pentalenones."
815,"The molecule is a member of guanidines and an amino dicarboxylic acid. It derives from a succinic acid. It is a conjugate acid of a N,N-dimethylglycinate(1-)."
816,The molecule is a methyl-branched fatty acid that is heptadecanoic (margaric) acid substituted by a methyl group at position 10. It has a role as an animal metabolite and a plant metabolite.
817,"The molecule is a fluorinated steroid, an 11beta-hydroxy steroid, a 20-oxo steroid, a 21-hydroxy steroid, a 3-oxo-Delta(4) steroid and a primary alpha-hydroxy ketone. It has a role as an anti-inflammatory drug."
818,"The molecule is a 1,2-diacyl-3-(beta-D-galactosyl)-sn-glycerol in which the acyl groups at positions 1 and 2 are palmitoyl and oleoyl respectively. It derives from an oleic acid and a hexadecanoic acid."
819,"The molecule is a butane-1,2,3-triol in which both stereocentres have R configuration. It has a role as an EC 4.5.1.98 (histone deacetylase) inhibitor and an antioxidant."
820,"The molecule is a kaempferol O-glucoside that is kaempferol attached to a beta-D-glucopyranosyl moiety at position 3 via a glycosidic linkage. It has been isolated from the leaves of Vicia faba and Lotus edulis. It has a role as an antioxidant, a plant metabolite and a radical scavenger. It is a beta-D-glucoside, a monosaccharide derivative, a trihydroxyflavone and a kaempferol O-glucoside."
821,"The molecule is a para-terphenyl that is the 3',4'-dimethyl ether derivative of terphenyllin. It has been isolated from Aspergillus taichungensis. It has a role as an Aspergillus metabolite and an antineoplastic agent. It is a para-terphenyl, a member of catechols and an aromatic ether. It derives from a terphenyllin."
822,"The molecule is a monocarboxylic acid anion that is the conjugate base of 5-[(9Z)-hexadecenoyloxy]octadecanoic acid, obtained by deprotonation of the carboxy group; major species at pH 7.3. It has a role as an anti-inflammatory agent and a human metabolite. It is a conjugate base of a 5-[(9Z)-hexadecenoyloxy]octadecanoic acid."
823,"The molecule is ergotaman bearing hydroxy and isopropyl substituents at the 2alpha- and 9beta-positions respectively, an oxo group at position 18 and a carboxamide group at position 3. It has a role as a vasoconstrictor agent, a platelet aggregation inhibitor, a non-narcotic analgesic, a muscle relaxant, a xenobiotic and an environmental contaminant. It derives from a hydride of an ergotaman."
824,"The molecule is a phenylalanine derivative that is the ethyl ester of N-benzoyl-L-tyrosine. It has a role as an EC 3.4.15.1 (peptidyl-dipeptidase A) inhibitor, an antimicrobial agent and an antibacterial drug. It is a member of benzamides, a L-tyrosine derivative and an ethyl ester."
825,"The molecule is an extended flavonoid that consists of 5,7-dihydroxyflavone substituted by geminal dimethyl groups at position 8 and a prenyl group at position 6. Isolated from the roots of Dorstenia psilurus, it exhibits cytotoxicity against human oral epidermoid carcinoma. It has a role as a metabolite and an antineoplastic agent. It is a member of xanthones, an organic heterotetracyclic compound and an extended flavonoid."
826,"The molecule is an organophosphate oxoanion obtained by deprotonation of the diphosphate OH groups of [alpha-D-GalNAc-(1->3)]4-beta-D-ManNAcA-(1->2)-alpha-D-diacetamido-6-O-(1-deoxy-D-ribonosyl)-3-aminopropyl alpha-D-mannosyl-(1->3)-N,N',N"",N""',N""'',N""'''-pentacis-decaprenyl diphosphate; major species at pH 7.3. It is a conjugate base of an [alpha-D-GalNAc-(1->3)]4-beta-D-ManNAcA-(1->2)-alpha-D-diacetamido-6-O-(1-deoxy-D-ribonosyl)-3-aminopropyl alpha-D-mannosyl-(1->3)-N,N',N"",N""',N""'',N""'''-pentacis-decaprenyl diphosphate."
827,The molecule is a member of the class of benzoic acids that is benzoic acid in which one of the hydrogens at position 2 has been replaced by a trifluoromethyl group. It derives from a benzoic acid.
828,"The molecule is a member of the class of benzamides obtained by formal condensation of the carboxy group of 2-aminobenzoic acid with the amino group from one of the phenyl rings of N'-(hydroxybenzylidene)-3-phenylpropanimidamide. It has a role as an EC 6.1.1.2 (acetyl-CoA carboxylase) inhibitor and an antineoplastic agent. It is a member of benzamides, a member of naphthols, an enamine and an olefinic compound."
829,The molecule is a uridine derivative that consists of uracil bearing an (N-carbamoyl)methyl substituent at position 5. It has a role as a metabolite and a mouse metabolite.
830,"The molecule is a prostaglandin carboxylic acid anion that is the conjugate base of 15-dehydroprostaglandin E2, obtained by deprotonation of the carboxy group; major species at pH 7.3. It has a role as an Escherichia coli metabolite and a human metabolite. It derives from a prostaglandin E2(1-). It is a conjugate base of a 15-dehydroprostaglandin E2."
831,"The molecule is a D-ribose 1,5-diphosphate in which the anomeric centre has alpha-configuration. It derives from an alpha-D-ribose. It is a conjugate acid of an alpha-D-ribose 1,5-bisphosphate(6-)."
832,"The molecule is a pentacyclic triterpenoid that is 9beta,19-cyclolanostane substituted by an oxo group at position 3 and a carboxy group at position 28. It has been isolated from the leaves of Combretum quadrangulare. It has a role as a plant metabolite. It is a hydroxy monocarboxylic acid, a cyclic terpene ketone and a pentacyclic triterpenoid. It derives from a hydride of a cycloartane."
833,The molecule is an indole alkaloid that is strychnine in which the hydrogen at position 2 has been replaced by a hydroxy group and one of the hydrogens attached to the nitrogen has been replaced by an acetyl group. It derives from a strychnine.
834,"The molecule is a beta-D-glucosylceramide obtained by formal condensation of the carboxy group of hexadecanoic acid with the amino group of beta-D-galactosyl-(1<->1')-(4E,6E)-tetradecasphingosine. It has a role as a marine metabolite and an antineoplastic agent. It derives from a beta-D-galactose and a hexadecanoic acid."
835,"The molecule is a cyclohexenecol that consists of cyclohex-1-ene having a single hydroxy substituent located at position 1. It has a role as an insect attractant, a plant metabolite and a flavouring agent."
836,"The molecule is an organosulfonate oxoanion obtained by deprotonation of the sulfo group of 1,3,4-trihydroxy-9,10-dioxo-9,10-dihydroanthracene-2-sulfonic acid. It is a conjugate base of a 1,3,4-trihydroxy-9,10-dioxo-9,10-dihydroanthracene-2-sulfonic acid."
837,"The molecule is a tetrapeptide composed of L-glutamine, two L-leucine units and L-proline joined in sequence by peptide linkages. It has a role as a metabolite. It derives from a L-glutamine, a L-leucine and a L-proline."
838,"The molecule is a 4-oxo monocarboxylic acid that is succinic semialdehyde in which one of the hydrogens attached to the other carbon is replaced by an oxo group and one of the methyl hydrogens is substituted by a 6-hydroxypyridin-2-yl group. It has a role as a metabolite, a human xenobiotic metabolite and a mouse metabolite. It is a pyridone, a member of phenols and a 4-oxo monocarboxylic acid."
839,The molecule is a cyclobutadipyrimidine bis(deoxyribonucleotide) obtained by formal cyclodimerisation of 2'-deoxycytidine 5'-monophosphate. It has a role as a Mycoplasma genitalium metabolite and a DNA synthesis inhibitor.
840,The molecule is an alpha-amino acid zwitterion obtained by transfer of a proton from the amino to the imino group of 2-iminioindoline-3-acetic acid. It is the major microspecies at pH 7.3 (according to Marvin v 6.2.0.). It has a role as a bacterial metabolite and a Saccharomyces cerevisiae metabolite. It is a tautomer of a 2-iminioindoline-3-acetic acid.
841,"The molecule is a branched amino oligosaccharide that is an undecasaccharide derivative in which two alpha-N-acetylneuraminyl-(2->3)-beta-D-galactosyl-(1->4)-[alpha-L-fucosyl-(1->3)]-N-acetyl-beta-D-glucosaminyl-(1->2)-alpha-D-mannosyl tetrasaccharide chains are linked (1->6) and (1->3) to the mannose residue of a beta-D-mannosyl-(1->4)-N-acetyl-beta-D-glucosamine trisaccharide. It has a role as an epitope. It is an amino oligosaccharide, a glucosamine oligosaccharide and a N-glycan derivative."
842,The molecule is an organophosphate oxoanion obtained by deprotonation of the phosphate OH group of adenosine 3'-monophosphate; major species at pH 7.3. It has a role as a human metabolite and a Saccharomyces cerevisiae metabolite. It derives from an ATP(2-). It is a conjugate base of an adenosine 3'-monophosphate.
843,"The molecule is an organophosphate oxoanion obtained by deprotonation of the carboxy and phosphate OH groups of (R)-3-phosphoglyceric acid; major species at pH 7.3. It has a role as a human metabolite, a Saccharomyces cerevisiae metabolite and a cofactor. It derives from a D-glycerate. It is a conjugate base of a (R)-3-phosphoglyceric acid."
844,The molecule is a hydroxy-amino acid that consists of glycine bearing an 1-hydroxy substituent. It has a role as a Daphnia magna metabolite and a plant metabolite. It derives from a glycine.
845,The molecule is an arsenite ion resulting from the removal of two protons from arsenous acid. It has a role as a human xenobiotic metabolite and a mouse metabolite.
846,"The molecule is a benzoylpyrazole that is 1H-pyrazolo[3,4-d]pyrimidin-4(3H)-one which is substituted at positions 2, 5, and 6 by methyl, trifluoromethyl, and 2-allyloxycarbonyl groups, respectively. It is an inhibitor of the enzyme dihydrofolate reductase (DHFR) used in cancer chemotherapy as well as for treatment of bacterial infections such as typhoid fever. It has a role as an EC 1.5.1.3 (dihydrofolate reductase) inhibitor, an antibacterial drug, an antiprotozoal drug, an antimalarial, an antineoplastic agent, an antimicrobial agent, an antimetabolite, an apoptosis inducer, an anticoronaviral agent, an environmental contaminant and a xenobiotic. It is a member of monochlorobenzenes, a benzoylpyrazole, a carbamate ester, an organofluorine compound and an aromatic ether."
847,The molecule is a anthracycline antibiotic that is aclacinomycin S carrying an additional hydroxy substituent at position 10. It has a role as an antineoplastic agent and a metabolite. It derives from an aclacinomycin S.
848,"The molecule is a member of the class of 4-pyridones that is N-methylnicotinic acid in which one of the hydrogens attached to the pyridine nitrogen has been replaced by a methyl group. It has a role as an EC 1.2.3.1 [NAD(P)H dehydrogenase (quinone)] inhibitor, a bacterial metabolite and an antibacterial agent. It derives from a nicotinic acid."
849,"The molecule is an organic heteropentacyclic compound that is 13,15-didehydromitomycin B in which the methoxy group at position 4 has been replaced by a hydroxy group. It derives from a mitomycin B."
850,"The molecule is a member of the class of quinazolines that is 1,4-dihydroquinoline which is substituted at positions 2 and 3 by methylamino and carboxymethyl groups, respectively, in which the amino group has been converted to its N'-(pyridin-2-ylcarbamoyl) derivative, and in which one of the hydrogens attached to the carbon bearing the carboxy group has been replaced by a pyridin-2-ylcarbonyl group. It is an inhibitor of mTOR complex 1. It has a role as an EC 2.7.10.1 (mTOR kinase) inhibitor. It is a monocarboxylic acid amide, a secondary amino compound, a tertiary amino compound, a member of quinazolines, a dicarboximide and a member of pyridine derivatives."
851,The molecule is a cyclitol phosphate that is valiolone carrying an O-diphospho substituent at position 5. It has a role as a bacterial metabolite and a mouse metabolite. It derives from a valiolone.
852,"The molecule is a sulfur-containing amino acid that consists of L-aspartic acid bearing an S-methyl substituent. It has a role as a plant metabolite, a human urinary metabolite and a mouse metabolite. It derives from a L-aspartate."
853,The molecule is an organophosphate oxoanion obtained by deprotonation of the phosphate OH groups of sucrose 6(F)-phosphate; major species at pH 7.3. It derives from a beta-D-fructofuranose.
854,"The molecule is a trimethoxyflavone that is quercetin in which the hydroxy groups at positions 3, 7 and 4' have been replaced by methoxy groups. It has a role as an antineoplastic agent, an antioxidant, an anti-inflammatory agent, an EC 1.8.5.2 [NAD(+) ADP-ribosyltransferase] inhibitor, an apoptosis inducer, an antiviral agent, an antibacterial agent, an antifungal agent, an anticoronaviral agent, an angiogenesis modulating agent, an antimitotic, a metabolite, a plant metabolite, an immunosuppressive agent and an anticonvulsant. It is a dihydroxyflavone and a trimethoxyflavone. It derives from a quercetin."
855,The molecule is a glucotriose consisting of two beta-D-glucopyranosyl residues and a D-glucopyranosyl residue joined in sequence by (1->6) glycosidic bonds. It derives from a cellobiose and a maltodextrin.
856,The molecule is a pyrimidine ribonucleoside 5'-triphosphate that is UTP substituted at position 3 by a methyl group. It derives from an UTP.
857,"The molecule is a phytoceramide in which the ceramide N-acyl group is specified as octadecanoyl (stearoyl). It has a role as an EC 3.6.3.9 (Na(+)/K(+)-transporting ATPase) inhibitor, a human metabolite and a Saccharomyces cerevisiae metabolite."
858,"The molecule is a dihydroagarofuran sesquiterpenoid that consists of dihydro-beta-agarofuran substituted by acetoxy groups at positions 1 and 6, benzoyloxy groups at positions 2 and 9 and methyl groups at positions 4a and 8 (the 1beta,4alpha,5alpha,6alpha stereoisomer). Isolated from Celastrus orbiculatus, it exhibits inhibitory activity against acyl-CoA:cholesterol acyltransferase 2. It has a role as an EC 2.3.1.26 (sterol O-acyltransferase) inhibitor and a plant metabolite. It is an acetate ester, a bridged compound, a benzoate ester, a cyclic ether, a dihydroagarofuran sesquiterpenoid and an organic heterotricyclic compound."
859,"The molecule is a sphingoid obtained by formal oxidation of the 3-hydroxy group and reduction of the carboxy function of C20 sphingosine. It has a role as an EC 1.4.3.4 (monoamine oxidase) inhibitor, a human metabolite, a Saccharomyces cerevisiae metabolite, an Escherichia coli metabolite and a mouse metabolite. It derives from a C20 sphingosine."
860,The molecule is a sphingomyelin d18:1 in which the N-acyl group and sphingoid base are specified as hexadecanoyl (palmitoyl) and sphingosine respectively. It has a role as an epitope.
861,"The molecule is a synthetic 19-membered cyclodepsipeptide that is isolated from the fermentation broth of Streptomyces sp.MK732-AF486 and exhibits potent antitumour activity against several human tumour cell lines. It has a role as an antimicrobial agent, an antineoplastic agent and a bacterial metabolite. It is a macrocycle, a member of formamides, a heterodetic cyclic peptide, a cyclodepsipeptide and an organobromine compound."
862,"The molecule is a monoterpenoid indole alkaloid with formula C23H29NO5, originally isolated from the seeds of Strychnos nux-vomica. It has a role as a plant metabolite and an antifeedant. It is a delta-lactam, a tertiary amino compound, a secondary alcohol, a methyl ester, a monoterpenoid indole alkaloid, an organic heteropentacyclic compound and an aromatic ether."
863,The molecule is a dipeptide obtained by formal condensation of the carboxy group of L-asparagine with the amino group of L-tyrosine. It derives from a L-asparagine and a L-tyrosine.
864,"The molecule is a branched amino oligosaccharide that is an undecasaccharide derivative in which two pentasaccharide branches, each formed from beta-D-galactosyl-(1->4)-N-acetyl-beta-D-glucosaminyl-(1->2)-alpha-D-mannose and beta-D-galactosyl-(1->3)-N-acetyl-beta-D-glucosaminyl-(1->2)-alpha-D-mannose units linked (1->3) and (1->6) respectively, are linked (1->3) and (1->6) to the mannose residue of a trisaccharide chain consisting of mannose residues all linked beta(1->4) with an N-acetylglucosamine residue at the reducing end. It has a role as an epitope. It is an amino oligosaccharide and a glucosamine oligosaccharide."
865,"The molecule is a C-glycosyl compound that consists of apigenin substituted by beta-D-glucopyranosyl and alpha-L-arabinofuranosyl residues at positions 6 and 8 respectively. It has been isolated from the leaves of Mimosa diplotricha. It has a role as an antiplasmodial drug, a metabolite and a plant metabolite. It is a trihydroxyflavone and a C-glycosyl compound."
866,"The molecule is a limonoid that is the 1,2-diacetyl derivative of trichagmalin C. It has been isolated from Trichilia connaroides. It has a role as a plant metabolite. It is an acetate ester, a bridged compound, a member of furans, a limonoid, a methyl ester and a tertiary alpha-hydroxy ketone. It derives from a tiglic acid and a trichagmalin C."
867,"The molecule is a member of the class of imidazolones that is 1,5-dihydroimidazol-4-one which is substituted at positions 2 and 5 by methyl groups, at position 3 by an isopropyl group, and at position 6 by a (2-methoxy-2-methylbenzoyl)nitrilo group. It has a role as a herbicide, an environmental contaminant and a xenobiotic. It is a member of benzoic acids, a member of benzamides, a methyl ester and a member of imidazolones."
868,"The molecule is a 3beta-hydroxy steroid that consists of androsta-1,4-diene bearing three hydroxy substituents at positions 3beta, 8alpha and 17. It has a role as an androgen, a human metabolite, a Daphnia magna metabolite and a mouse metabolite. It is a 3beta-hydroxy steroid, a 17alpha-hydroxy steroid, an androstanoid and a C21-steroid."
869,"The molecule is a member of the class of quinazolines that is 1-methylquinazoline which is substituted at positions 2, 3 and 6 by p-chlorobenzamido, bromoamino and (2-hydroxyethoxy)nitrilo groups respectively. It has a role as an EC 2.7.10.2 (receptor protein-tyrosine kinase) inhibitor. It is a member of quinazolines, a secondary amino compound, a hydroxamic acid ester, an organofluorine compound, a member of monochlorobenzenes and a member of bromobenzenes."
870,"The molecule is an organic cation obtained by protonation of the tertiary amino function of N-octanoyl-(1R,2S)-2-(3,4-methylenedioxyphenyl)cyclopropanecarboxamide. It is an ammonium ion derivative and an organic cation. It is a conjugate acid of a N-octanoyl-(1R,2S)-2-(3,4-methylenedioxyphenyl)cyclopropanecarboxamide."
871,"The molecule is a pentacyclic triterpenoid with formula C30H42O5, originally isolated from Tripterygium hypoglaucum. It has a role as an anti-inflammatory agent and a plant metabolite. It is a pentacyclic triterpenoid, a monocarboxylic acid and a member of catechols."
872,The molecule is a cinnamate ester obtained by formal condensation of the carboxy group of trans-ferulic acid with the 5-hydroxy group of quinic acid. It has a role as an antioxidant and a plant metabolite. It derives from a ferulic acid and a quinic acid.
873,"The molecule is a dicarboxylic acid dianion obtained by deprotonation of both carboxy groups of 4-hydroxy-2,5-dioxopentanedioic acid; major species at pH 7.3. It has a role as an Escherichia coli metabolite and a human metabolite. It derives from a valerate(2-). It is a conjugate base of a 4-hydroxy-2,5-dioxopentanedioic acid."
874,"The molecule is a tricarboxylic acid that consists of succinic acid bearing three additional methyl substituents at positions 2,3 and 4. It has a role as an Escherichia coli metabolite and a mouse metabolite. It derives from a succinic acid. It is a conjugate acid of a homoisocitrate(3-)."
875,"The molecule is a monohydroxyquinoline that is quinoline substituted by a hydroxy group at position 6. It has been isolated from the bark of Cryptocarya chartacea and exhibits inhibitory activity against HIV-1 integrase. It has a role as an anti-HIV agent, a plant metabolite and an EC 5.99.1.3 [DNA topoisomerase (ATP-hydrolysing)] inhibitor."
876,The molecule is a ceramide phosphoethanolamine (35:1) in which the acyl and sphingoid base specified are icosanoyl and sphingosine respectively. It derives from an icosanoic acid.
877,The molecule is an organophosphate oxoanion obtained by deprotonation of the phosphate and phospho group of 4-nitrophenyl phosphate. It derives from a phenyl phosphate(2-). It is a conjugate base of a 4-nitrophenyl phosphate.
878,"The molecule is a polycyclic cage that consists of hexacyclic fused-ring system bearing hydroxy, methoxy and 2-[(3S)-5-hydroxy-1-methylpyrrolidin-3-yl]carbonyl substituents. It has been isolated from Streptomyces sp. TC-0378. It has a role as an antimicrobial agent, an antineoplastic agent, a bacterial metabolite and a marine metabolite. It is a cyclic ether, a cyclic ketone, a polycyclic cage, a member of resorcinols, a monocarboxylic acid amide, a methyl ester and a tertiary alcohol."
879,"The molecule is zwitterionic form of (2S,3R)-3-hydroxy-L-leucine having an anionic carboxy group and a protonated amino group; major species at pH 7.3. It has a role as a human metabolite. It is a tautomer of a (2S,3R)-3-hydroxy-L-leucine."
880,"The molecule is a quercetin O-glucoside that consists of quercetin attached to beta-D-glucopyranosyl residues at positions 3 and 7 respectively via glycosidic linkages and a alpha-L-[6''-p-coumaroyl-beta-D-xylopyranosyl-(1->2)]-rhamnopyranosyl residue at position 4' via a glycosidic linkage. Isolated from the aerial parts of Delphinium staphisagria, it exhibits trypanocidal activity. It has a role as a metabolite and a trypanocidal drug. It is an alpha-L-rhamnoside, a cinnamate ester, a disaccharide derivative, a trihydroxyflavone and a quercetin O-glucoside."
881,The molecule is a dipeptide formed from L-serine and L-proline residues. It has a role as a metabolite. It derives from a L-serine and a L-proline.
882,"The molecule is a monocarboxylic acid that consists of propionic acid bearing cyclopropyl and (2E)-3-[4-(7-chloroquinolin-6-yl)buta-1,3-dien-1-yl]phenyl substituents at position 3 as well as a {2-[(1S)-1-hydroxy-2-methylpropyl]cyclopropyl}sulfanyl group at position 2. It has a role as an antiglaucoma drug, an EC 2.7.10.1 (receptor protein-tyrosine kinase) inhibitor and an antineoplastic agent. It is a member of quinolines, a monocarboxylic acid, a sulfoxide, a tertiary alcohol, a secondary alcohol, a cyclic ether and a chloronaphthalene."
883,The molecule is a glycosylgalactose consisting of alpha-D-glucopyranose and D-galactopyranose residues joined in sequence by a (1->4) glycosidic bond. It derives from an alpha-D-glucose and a beta-D-galactose.
884,"The molecule is an amino disaccharide that consists of N-acetyl-beta-D-glucosamine having a 6-O-sulfo-beta-D-galactosyl residue attached at position 4. It has a role as an epitope and an antigen. It is an oligosaccharide sulfate, an amino disaccharide and a glucosamine oligosaccharide."
885,"The molecule is a trans,trans-2,3,4,5-tetradehydroacyl-CoA(4-) arising from deprotonation of the phosphate and diphosphate OH groups of (2E,4Z)-deca-2,4-dienoyl-CoA; major species at pH 7.3. It is an acyl-CoA(4-) and a medium-chain fatty acyl-CoA(4-). It is a conjugate base of a (2E,4Z)-deca-2,4-dienoyl-CoA."
886,"The molecule is a monocarboxylic acid amide obtained by formal condensation of the carboxy group of 2-(3-ethoxy-4-hydroxyphenyl)hexadecanoic acid with the amino group of 3-chloro-4-(trifluoromethyl)aniline. It has a role as an EC 1.6.5.2 [monoamine oxidase (H(2)O(2) oxidizing)] inhibitor and an antiparkinson drug. It is a member of monochlorobenzenes, a monocarboxylic acid amide, an aromatic ether, a secondary carboxamide and a member of (trifluoromethyl)benzenes."
887,"The molecule is a cyclohexenecarbaldehyde that is cyclohex-1-ene-1-carbaldehyde substituted by a hydroxy group at position 5. It has been isolated from the essential oils of Pimpinella anisum and Zingiber officinale. It has a role as an antifeedant, a plant metabolite and an insect attractant."
888,The molecule is dianion of N-acetyl-D-glucosamine 1-phosphate arising from deprotonation of both OH groups of the phosphate. It has a role as a human metabolite and a Saccharomyces cerevisiae metabolite. It is an organophosphate oxoanion and a monosaccharide 1-phosphate(2-). It derives from a D-glucopyranose 6-phosphate(2-).
889,"The molecule is a member of the class of naphthoquinones that is 1,4-naphthoquinone in which one hydrogen at position 2 and one hydrogen attached to the carbon bearing the oxo group are replaced by methyl groups while a sulfonic acid group is attached to the other carbon. It has a role as an EC 3.6.3.9 (Na(+)/K(+)-transporting ATPase) inhibitor. It is a member of 1,4-naphthoquinones, a sulfone and a cyclic ketone."
890,"The molecule is a member of the class of 2-pyranones that is 5,6-dihydro-2H-pyran-2-one substituted by a hydroxy group at position 4 and a (3R,5S,6R,7R,8S)-3,5,6,7,8-pentahydroxytridecyl moiety at position 6. It has been isolated from Cryptocarya species. It has a role as a metabolite and a plant metabolite."
891,"The molecule is an amino oligosaccharide that is a tridecasaccharide derivative in which two pentasaccharide branches, each formed from alpha-L-fucosyl-(1->2)-beta-D-galactosyl-(1->3)-N-acetyl-alpha-D-glucosaminyl-(1->2)-alpha-D-mannose, are linked (1->3) and (1->6) to the mannose residue of a trisaccharide chain consisting of mannose and two N-acetylglucosamine residues all linked beta(1->4) with a beta-configuration of the anomeric carbon of the N-acetylglucosamine residue at the reducing end. It has a role as an epitope. It is an amino oligosaccharide and a glucosamine oligosaccharide."
892,"The molecule is a bisindole alkaloid that is isolated from the marine sponge Plakinastrella clathrata and exhibits anti-HIV activity. It has a role as an antineoplastic agent, a metabolite and an anti-HIV-1 agent."
893,"The molecule is a chlorocarboxylic acid that is acrylic acid in which one of the hydrogens at position 3 has been replaced by chlorine. It has a role as an EC 4.2.1.50 (prolyl oligopeptidase) inhibitor, a human xenobiotic metabolite and a bacterial xenobiotic metabolite. It is a chlorocarboxylic acid and an alpha,beta-unsaturated monocarboxylic acid."
894,"The molecule is an alicyclic ketone that consists of cyclohexanone bearing a 2-methylthiophenoyl substituent at position 5. It has a role as a plant metabolite and a volatile oil component. It is a member of thiophenes, an alicyclic ketone and an olefinic compound."
895,"The molecule is a member of the class of 1,3-oxazoles that is 5-(4-isopropylphenyl)-2-{[4-(morpholin-4-ylmethyl)phenyl]carbamoyl}oxazole carrying additional hydroxy and 2,4-dihydroxy-6-(propan-2-yl)phenyl substituents at positions 4 and 7 respectively. It has a role as an antineoplastic agent, a vascular endothelial growth factor receptor antagonist and an EC 2.7.10.1 (receptor protein-tyrosine kinase) inhibitor. It is a member of 1,3-oxazoles, a member of morpholines, a secondary amino compound, a tertiary carboxamide, a member of resorcinols and a dihydroxybenzene."
896,The molecule is a bile acid glycine conjugate in which the glycoxy group at position 3 has been esterified with one of the carboxy groups of acetic acid. It derives from an allocholic acid and an acetic acid.
897,The molecule is an epsilon-amino acid that is butyric acid in which one of the hydrogens at position 4 has been replaced by an amino group. It derives from a butyric acid.
898,"The molecule is a 3',5'-cyclic purine nucleotide(1-) that results from the removal of a proton from the phosphate group of 3',5'-cyclic GMP; major species at pH 7.3. It has a role as a human metabolite and a Saccharomyces cerevisiae metabolite. It derives from a 3',5'-cyclic GMP(1-). It is a conjugate base of a 3',5'-cyclic GMP."
899,The molecule is a branched amino pentasaccharide consisting of D-galactose at the reducing end with an alpha-D-galactosyl-(1->3)-[beta-D-galactosyl-(1->4)]-N-acetyl-beta-D-glucosaminyl-(1->2)-alpha-D-mannosyl moiety attached at the 3-position. It has a role as an epitope.
900,"The molecule is a tripeptide composed of L-alanine, glycine and L-tyrosine joined in sequence by peptide linkages. It has a role as a metabolite."
901,"The molecule is a twelve-membered branched glucosamine oligosaccharide made up from four glucose, two Kdo and two glucosamine residues with the central one being phosphorylated at position 7. Corresponds to the core oligosaccharide of Neisseria meningitidis. It is an amino octasaccharide and a glucosamine oligosaccharide."
902,"The molecule is a branched amino nonasaccharide comprised of an alpha-D-mannosyl residue, two N-acetyl-beta-D-glucosaminyl residues, three beta-D-galactose residues and one N-acetyl-alpha-D-glucosamine residue linked sequentially (1->6), (1->4), (1->3), (1->3), (1->4) and (1->4), to the beta-D-galactose residue nearest to the reducing end are also linked (1->2) and (1->3) respectively an alpha-L-fucosyl residue and an N-acetyl-beta-D-glucosaminyl-(1->2)-[N-acetyl-beta-D-glucosaminyl-(1->3)]-alpha-D-mannosyl tetrasaccharide unit. It has a role as an epitope. It is an amino nonasaccharide and a glucosamine oligosaccharide."
903,The molecule is a steroid sulfate that is (24S)-24-hydroxycholesterol in which all four hydroxy hydrogens have been replaced by sulfo groups. It has a role as a human xenobiotic metabolite and a mouse metabolite. It derives from a (24S)-24-hydroxycholesterol.
904,The molecule is a UDP-D-galactofuranose in which the anomeric centre of the galactofuranose fragment has alpha-configuration. It is a conjugate acid of an UDP-alpha-D-galactofuranose(2-).
905,The molecule is a 2-acyl-1-alkyl-sn-glycero-3-phosphocholine in which the alkyl and the acyl groups at positions 1 and 2 are specified as hexadecyl and butanoyl respectively. It has a role as an epitope. It derives from a butyric acid.
906,"The molecule is a monocarboxylic acid that consists of 5-(4-hydroxyphenyl)pentanoic acid in which one of the hydrogens at position 2 has been replaced by a 3,3-dimethyloxiran-2-yl group. It is an ether, an oxirane and a monocarboxylic acid."
907,"The molecule is a fluoride salt with K(+) as the counterion. It has a role as an EC 1.8.1.12 (citrate synthase) inhibitor, a food acidity regulator and a poison. It contains a potassium."
908,The molecule is an N-acyl-L-homoserine resulting from the formal condensation of hexanoic acid (caproic acid) with amino group of L-homoserine. It derives from a hexanoic acid.
909,The molecule is a 2-hydroxymyristic acid in which the chiral centre has S configuration. It is a conjugate acid of a (S)-2-hydroxyoctanoate.
910,"The molecule is a secondary amino compound that is N-hydroxyacetamide in which one of the hydrogens attached to the nitrogen has been replaced by a 2-{[(1E)-3-methyl-1H-indol-2-yl]methyl}ethyl group. It is an inhibitor of histone deacetylase and induces apoptosis in human cancer cells. It has a role as an EC 3.5.1.98 (histone deacetylase) inhibitor, an antineoplastic agent and an apoptosis inducer. It is a member of indoles, a secondary amino compound, a monocarboxylic acid amide and a hydroxamic acid."
911,The molecule is an ethyl ester resulting from the formal condensation of the carboxy group of vanillic acid with ethanol. It has a role as a plant metabolite and an antibacterial agent. It derives from a vanillic acid.
912,"The molecule is a monoterpenoid that consists of (+)-pantothenic acid having an alpha-L-rhamnosyl residue attached at position C-2. It has a role as a plant metabolite and a human xenobiotic metabolite. It is a monoterpenoid, a monosaccharide derivative, an aldehyde and a glycoside."
913,"The molecule is a 2-pyranone in which the hydrogens at positions 4, 5 and 6 of 2H-pyran-2-one are replaced by hydroxy, methyl and heptadecyl groups respectively. It is a member of 2-pyranones, an enol and a heteroaryl hydroxy compound."
914,The molecule is an N-acyl-4-hydroxy-15-methylhexadecasphinganine-1-phosphocholine in which the acyl group has 29 carbons and 0 double bonds. It derives from a 15-methylhexadecaphytosphingosine.
915,"The molecule is a dihydrolipoic acid that consists of octanoic acid bearing two (R)-sulfanyl substituents at positions 3 and 8. It has a role as an antioxidant, a human metabolite, a Saccharomyces cerevisiae metabolite, an Escherichia coli metabolite and a mouse metabolite."
916,The molecule is a disaccharide derivative that consists of 6-sulfated beta-D-glucose having an alpha-L-sulfated sulfogalactosyl residue attached at position 4. It has a role as an epitope.
917,The molecule is an organic cation obtained by protonation of the secondary amino function of (R)-tetrindole. It is a conjugate acid of a (R)-tetrindole. It is an enantiomer of a (S)-tetrindole(1+).
918,"The molecule is a 1,2-diacyl-sn-glycerol in which the acyl groups positions 1 and 2 are specified as alpha-linolenoyl and (8Z,11Z,14Z)-icosatrienoyl respectively. It has a role as a human blood serum metabolite. It derives from an all-cis-icosa-8,11,14-trienoic acid and an alpha-linolenic acid."
919,"The molecule is an alpha-amino acid that consists of propionic acid bearing a single amino substituent at position 2. It has a role as a Saccharomyces cerevisiae metabolite, an Escherichia coli metabolite and a mouse metabolite. It derives from a propionic acid. It is a conjugate acid of a L-2-aminopropionate. It is a tautomer of a L-alanine zwitterion."
920,"The molecule is a dipeptide composed of glycine and L-histidine joined by a peptide linkage. It has a role as a metabolite, an Escherichia coli metabolite and a mouse metabolite."
921,"The molecule is an N-acyl-L-alpha-amino acid anion that is the conjugate base of N-[15(S)-hydroperoxy-(5Z,8Z,11Z,13E)]-icosatetraenoyl-L-alanine, obtained by deprotonation of the carboxy group; major species at pH 7.3. It is a N-acyl-L-alpha-amino acid anion and a N-(fatty acyl)-L-alpha-amino acid anion. It derives from a 15(S)-HPETE(1-). It is a conjugate base of a N-[15(S)-hydroperoxy-(5Z,8Z,11Z,13E)-icosatetraenoyl]-L-alanine."
922,The molecule is a diterpenyl phosphate that is the O-diphospho derivative of (+)-kolavenol It derives from a (+)-kolavenol. It is an enantiomer of a (-)-kolavenyl diphosphate.
923,"The molecule is a tetrachlorobiphenyl that is biphenyl in which the hydrogens at positions 2 and 5 have been replaced by chlorines. It has a role as an environmental contaminant, a xenobiotic and a herbicide."
924,"The molecule is a tripeptide composed of L-phenylalanine, L-alanyl and L-aspartic acid joined in sequence by peptide linkages. It has a role as a metabolite. It derives from a L-phenylalanine, a L-alanine and a L-aspartic acid."
925,"The molecule is a straight-chain saturated fatty acid anion that is the conjugate base of dotriacontanoic acid (melissic acid), obtained by deprotonation of the carboxy group; major species at pH 7.3. It has a role as an algal metabolite and a plant metabolite. It is a very long-chain fatty acid anion, a straight-chain saturated fatty acid anion and an ultra-long-chain fatty acid anion. It derives from a hexatriacontanoate. It is a conjugate base of a dotriacontanoic acid."
926,"The molecule is the hydrochloride salt of cyclizine. It has a role as an antipruritic drug, a H1-receptor antagonist and an antitussive. It contains a cyclizine."
927,"The molecule is an organic thiophosphate and an organothiophosphate insecticide. It has a role as an EC 3.1.1.7 (acetylcholinesterase) inhibitor, an acaricide and an agrochemical."
928,"The molecule is a flavanone glycoside that consists of naringenin substituted by hydroxy groups at positions 5, 2' and 4', a methyl group at position 6 and a trans-4 coumaryloxy residue at position 8. Isolated from the leaves of Myrcia multiflora, it exhibits inhibitory activity against alpha-glucosidase and aldose reductase. It has a role as an EC 3.2.1.20 (alpha-amylase) inhibitor, an EC 1.1.1.21 (aldehyde reductase) inhibitor and a plant metabolite. It is a cinnamate ester, a dihydroxyflavanone, a flavanone glycoside, a monosaccharide derivative and a member of 4'-hydroxyflavanones. It derives from a trans-4-coumaric acid."
929,"The molecule is a long-chain fatty acid that consists of (9Z)-octadecenoic acid having an alpha-linolenoyloxy group at position 2 and a beta-D-glucopyranosyloxy group at position 18. It has a role as a plant metabolite. It is a monounsaturated fatty acid, a long-chain fatty acid and a monosaccharide derivative."
930,The molecule is a nucleoside analogue in which the purine fragment has been modified by replacement of one hydrogen at position 2 on the adenine ring by a hydroxy group and by substitution at positions N-6 and C-8 on the guanine ring. It derives from an adenosine.
931,"The molecule is a member of the class of 1,4-naphthoquinones that is 1,4-naphthoquinone in which one of the hydrogens at position 2 has been replaced by an oxo group. It derives from a 1,4-naphthoquinone."
932,"The molecule is a benzoate ester obtained by the formal condensation of 4-hydroxybenzoic acid with ethanol. It has been isolated from Pisonia aculeata and exhibits antitubercular activity. It has a role as an antitubercular agent, a plant metabolite and an EC 3.6.3.10 (H(+)/K(+)-exchanging ATPase) inhibitor. It derives from a 4-hydroxybenzoic acid."
933,"The molecule is a steroid alkaloid that consists of 5alpha-androstane having acetoxy groups at the 3beta and 17 positions, an oxo group at position 16 and a morpholinoethyl side chain at the 20beta position. It has a role as an antidiarrhoeal drug and a muscarinic antagonist. It is a quaternary ammonium ion, a steroid alkaloid, a tertiary alcohol, an acetate ester and a member of morpholines."
934,The molecule is an acyl-CoA that results from the formal condensation of the thiol group of coenzyme A with the carboxy group of 3-hydroxy-3-phenylpropanoic acid. It derives from a 3-hydroxy-3-phenylpropionic acid and a propionyl-CoA.
935,"The molecule is a diterpene glycoside that consists of 13,20-epoxylimenic acid attached to a beta-D-glucopyranosyl residue at position 16 via a glycosidic linkage. Isolated from the aerial parts of Inula hupehensis it exhibits antineoplastic activity. It has a role as an antineoplastic agent and a plant metabolite. It is a cyclic ether, a bridged compound, a diterpenoid, a secondary alcohol, an acetate ester, a beta-D-glucoside and a diterpene glycoside. It derives from a limenene."
936,"The molecule is a beta-D-glucoside in which a 2-(3,4-dihydroxyphenyl)acetyl group and a beta-D-glucopyranosyloxy residue are attached at positions 1 and 6 respectively of phloroglucinol. It has been isolated from the aerial parts of Vicia faba and exhibits inhibitory activity against alpha-amylase. It has a role as an EC 3.2.1.1 (alpha-amylase) inhibitor and a plant metabolite. It is a member of catechols, a monosaccharide derivative, a beta-D-glucoside and a polyphenol."
937,"The molecule is a member of the class of benzophenones that is 2,3-dihydroxybenzophenone substituted by hydroxy groups at positions 5 and 6, a methyl group at position 4', a prenyl group at position 3' and a (1E)-3-methylbut-1-en-1-yl group at position 7. Isolated from Chaetomium brasiliense it exhibits cytotoxic activity against human tumor cells. It has a role as an antineoplastic agent and a Chaetomium metabolite. It is a member of resorcinols, a benzenetriol, a polyketide, a cyclic ketone, a polyphenol, an aromatic ether and a member of benzophenones."
938,"The molecule is a member of the class of xanthones that is 2H-xanthene substituted by hydroxy groups at positions 1, 3, 6 and 8, a (E)-4-[(3,4-dihydroxyphenyl)methylidene]cyclopenta-2,5-dien-1-ylidene group at position 2, an oxo group at position 9 and a 7,4'-dihydroxyflavanone moiety at position 10. Isolated from Garcinia vieillardii, it exhibits antioxidant activity. It has a role as a metabolite and an antioxidant. It is a polyphenol, a cyclic ketone, a member of xanthones and a tetrahydroxyflavone."
939,"The molecule is a member of indoles, a member of maleimides and a member of 2,1-benzoxazoles. It has a role as an EC 3.4.23.46 (memapsin 2) inhibitor."
940,The molecule is a metal acetate salt having thallium(1+) as the counterion. It has a role as an allergen and a miotic. It contains a thallium(1+).
941,"The molecule is a lignan that consists of (+)-lariciresinol substituted by an alpha-L-arabinopyranosyl moiety at position 4 via a glycosidic linkage. It has been isolated from the roots and stems of Sinocalamus affinis. It has a role as a plant metabolite, an antioxidant and an anti-inflammatory agent. It is a member of benzodioxoles, a furofuran, a primary alcohol, a secondary alcohol, a lignan and a glycosyloxyisoflavan. It derives from a (+)-lariciresinol."
942,"The molecule is a monoterpenoid indole alkaloid with formula C21H24N2O3, isolated from several species of Tabernaemontana. It has a role as an EC 3.1.1.7 (acetylcholinesterase) inhibitor and a plant metabolite. It is a methyl ketone, an organic heteropentacyclic compound, a primary alcohol, a tertiary amino compound, a monoterpenoid indole alkaloid and an acetate ester."
943,The molecule is a hexaric acid anion obtained by deprotonation of the carboxy groups of 2-dehydro-3-deoxy-D-gluconic acid; major species at pH 7.3. It has a role as an Escherichia coli metabolite and a Saccharomyces cerevisiae metabolite. It derives from a D-gluconate(2-). It is a conjugate base of a 2-dehydro-3-deoxy-D-gluconic acid.
944,The molecule is an alpha-amino acid zwitterion that is tryptophan in which a proton has been transferred from the carboxy group to the amino group. It is the major species at pH 7.3. It is a tautomer of a tryptophan.
945,The molecule is an alpha-amino-acid anion obtained by deprotonation of both carboxy groups of aspartic acid. It has a role as a fundamental metabolite. It derives from a propionate. It is a conjugate base of an aspartate(1-) and an aspartate.
946,"The molecule is a glycosyloxyflavone that consists of kaempferol attached to a alpha-L-rhamnopyranosyl(1->2)-beta-D-glucopyranoside moiety at position 3 via a glycosidic linkage. Isolated from the aerial parts of Vicia faba and Lotus edulis, it exhibits inhibitory activity against topoisomerase I. It has a role as an EC 5.99.1.2 (DNA topoisomerase) inhibitor, an antineoplastic agent and a plant metabolite. It is a disaccharide derivative, a dihydroxyflavone and a glycosyloxyflavone. It derives from a kaempferol."
947,"The molecule is an organic disulfide isolated from the culture broth of Streptomyces sp. A-235 that exhibits inhibitory activity against acyl-CoA:cholesterol acyltransferase 2. It has a role as an antimicrobial agent, an EC 2.3.1.26 (sterol O-acyltransferase) inhibitor and a bacterial metabolite. It is an organic heteropentacyclic compound, an oxacycle, a cyclic ketone, a primary alcohol, an organosulfur heterocyclic compound, a tertiary amino compound and an organic disulfide."
948,"The molecule is a 3-hydroxy fatty acyl-CoA that results from the formal condensation of the thiol group of coenzyme A with the carboxy group of (R)-3-hydroxytetracosanoic acid. It is a (R)-3-hydroxyacyl-CoA, a 3-hydroxy fatty acyl-CoA and an ultra-long-chain fatty acyl-CoA. It derives from a (R)-3-hydroxylignoceric acid. It is a conjugate acid of a (R)-3-hydroxylignocenoyl-CoA(4-)."
949,The molecule is a hydroxy monocarboxylic acid anion that results from the removal of a proton from the carboxylic acid group of glyceric acid. It has a role as an algal metabolite and a human metabolite. It derives from a propionate. It is a conjugate base of a glycerol.
950,The molecule is a branched amino hexasaccharide comprising alpha-D-galactose at the reducing end with an N-acetyl-alpha-D-glucosaminyl-(1->3)-[beta-D-galactosyl-(1->4)]-[beta-D-xylosyl-(1->2)]-beta-D-mannosyl moiety attached via a (1->6)-linkage and an L-fucosyl residue attached via a (1->3)-linkage. It has a role as an epitope.
951,"The molecule is a monocarboxylic acid amide formed between N(alpha)-[4-guanidinoethyl]-L-leucyl-D-valine and 2-aminoacetic acid. It derives from an alicyclic carboxylic acid, a D-valine derivative and a guanidine."
952,"The molecule is a fluorinated steroid, an 11beta-hydroxy steroid, a 20-oxo steroid, a 3-oxo-Delta(4) steroid, a primary alpha-hydroxy ketone and a tertiary alpha-hydroxy ketone. It has a role as an anti-inflammatory drug."
953,The molecule is a hydrate that is the hexahydrate form of manganese(II) sulfate. It has a role as a nutraceutical and a mordant. It contains a manganese(II) sulfate (anhydrous).
954,"The molecule is a biflavonoid isolated from the stem bark of Morus nigra and has been shown to exhibit anti-inflammatory activity. It has a role as an anti-inflammatory agent, a plant metabolite and a NF-kappaB inhibitor. It is a biflavonoid, a hydroxyflavone and a ring assembly."
955,"The molecule is a tripeptide composed of L-leucine, L-tyrosine and 4-methylumbelliferylglycine residues joined in sequence. It has a role as a chromogenic compound."
956,The molecule is a butan-4-olide having an (sulfomethyl)oxy group at the 3-position and two methyl substituents at the 5-position. It derives from a methanesulfonic acid.
957,The molecule is a 2-coumaric acid in which the double bond has Z configuration. It derives from an acrylic acid.
958,"The molecule is a 3-chloroalanine that has R at the chiral carbon. It has a role as an EC 1.4.3.4 (diaminopropionate ammonia-lyase) inhibitor, a bacterial metabolite and a marine metabolite. It is a L-threonine derivative, a non-proteinogenic L-alpha-amino acid and a 3-chloroalanine. It is an enantiomer of a 3-chloro-D-alanine."
959,"The molecule is a monomethoxyflavone that is the 4'-methoxy derivative of quercetin. It has been isolated from Combretum quadrangulare and Zanthoxylum piperitum. It has a role as an antiplasmodial drug, an antineoplastic agent, a plant metabolite and a radical scavenger. It is a trihydroxyflavone and a monomethoxyflavone. It derives from a quercetin."
960,The molecule is a sulfur oxoanion. It is a conjugate base of an trithionic acid. It is a conjugate acid of a trioxidosulfate(2-) and a trithiocarbonate(3-).
961,The molecule is an organic cation obtained by protonation of all five amino groups of N(4)-aminopropylspermidine. It has a role as a bacterial metabolite and a eukaryotic metabolite. It is an ammonium ion derivative and an organic cation. It is a conjugate acid of a N(4)-ammoniopropylspermidine.
962,"The molecule is a polyunsaturated fatty acid that is octadecanoic acid with triple bonds at positions 13 and 16, and a furan-2-yl group substituted at position 5. It has a role as an apoptosis inducer and a plant metabolite. It is a monocarboxylic acid, a polyunsaturated fatty acid and a member of furans."
963,The molecule is an amino disaccharide consisting of two 2-acetamido-2-deoxy-D-galactopyranose residues joined by a (1->6) glycosidic bond. It is an amino disaccharide and a member of acetamides.
964,"The molecule is a triol that consists of propane-1,2,3-triol bearing two 2-hydroxyethyl substituents at position 1 and one hydroxyethyl substituent at position 4. It has a role as an epitope. It derives from a hydride of a propane."
965,"The molecule is a member of the class of oxazolidinones isolated from the marine sponge Petrosia. It has been shown to exhibit cytotoxicity against human tumour cells. It has a role as an antineoplastic agent, an animal metabolite and a marine metabolite. It is a member of benzyl alcohols, an ether, a lactam and an oxazolidinone."
966,The molecule is a methyl ester resulting from the formal condensation of the carboxy group of indole-3-acetic acid with methanol. It has a role as an Arabidopsis thaliana metabolite and a plant metabolite. It derives from an indole-3-acetic acid.
967,The molecule is a dioxo monocarboxylic acid that consists of glutaramic acid bearing an oxo substituent at position 2 as well as an amino substituent at position 5. It has a role as a bacterial metabolite and a mouse metabolite. It derives from a glutaramic acid.
968,"The molecule is an ammonium ion resulting from the protonation of both amino groups of (R,S)-nebivolol. It derives from a levobunolol(1+). It is a conjugate acid of a (R,S)-nebivolol."
969,"The molecule is a hydroxycalciol that consists of vitamin D3 (calciol) carrying additional hydroxy groups at positions 20 and 24 as well as an oxo group at position 1. An intermediate in the synthesis of calcitriol It has a role as a human metabolite, a rat metabolite and a mouse metabolite. It is a triol, a member of oxolanes, a cyclic ether, a hydroxycalciol and a diol."
970,"The molecule is a diterpene glycoside that consists of (2E,6E)-farnesyllinalool attached to two beta-D-glucopyranosyloxy groups at positions 13 and 20. Isolated from the aerial parts of Ajuga bracteosa, it exhibits antileishmanial activity. It has a role as an antineoplastic agent and a plant metabolite. It is a disaccharide derivative, a diterpene glycoside and a macrocyclic lactone."
971,"The molecule is an alpha-amino acid anion that is the conjugate base of glutamine, arising from deprotonation of the carboxy group. It has a role as a fundamental metabolite. It derives from a glutarate(1-). It is a conjugate base of a glutamine and a glutamine zwitterion."
972,"The molecule is a 2-hydroxy monocarboxylic acid that is lactic acid in which one of the methyl hydrogens at position 3 has been replaced by an imidazol-4-yl group. It has a role as a human metabolite, a Saccharomyces cerevisiae metabolite and a mouse metabolite. It is a member of imidazoles and a 2-hydroxy monocarboxylic acid. It derives from a rac-lactic acid."
973,"The molecule is a pyridone that is pyridine-2,5-dione substituted by hydroxy groups at positions 3 and 6 and a (1S,4R,5S)-1,4,5-trimethylcyclohexyl group at position 3. It has been isolated from Aspergillus niger ATCC 1015. It has a role as an Aspergillus metabolite. It is a member of pyridones and a dihydroxypyridine."
974,The molecule is an organic triphosphate formed by condensation between the gamma-phospho group of 2'-deoxyadenosine 5'-triphosphate and ethanol. It derives from a dTTP and an ethanol.
975,The molecule is a 3-oxo-fatty acyl-CoA that results from the formal condensation of the thiol group of coenzyme A with the carboxy group of (15Z)-3-oxotetracosenoic acid. It is an unsaturated fatty acyl-CoA and a 3-oxo-fatty acyl-CoA. It derives from a (15Z)-3-oxotetracosenoic acid. It is a conjugate acid of a (15Z)-3-oxotetracosenoyl-CoA(4-).
976,The molecule is a sulfonamide consisting of cyclohexane having an N-sulfonylamino group. It has a role as a human metabolite and a mouse metabolite.
977,"The molecule is an anionic C3 cyanine-type compound having indoleinine and dihydropyrano[3,2-g]quinoline substituents at either end. It has a role as a fluorochrome."
978,"The molecule is a 4-hydroxy-2-(propan-2-yl)cyclohexanol in which the stereocentre at position 4 has R configuration, while that at position 2 has S configuration. It is an enantiomer of a (+)-(2S,4R)-myristic acid."
979,"The molecule is a nitrile that consists of N,N-dimethylformamide bearing an additional (6-chloropyridin-3-yl)methyl substituent at position 1 as well as a cyano group at position 2. It has a role as a metabolite and an environmental contaminant. It derives from a N,N-dimethylformamide."
980,"The molecule is a 1,2-diacyl-sn-glycerol in which the acyl groups at positions 1 and 2 are specified as palmitoyl. It has a role as a mouse metabolite. It derives from a hexadecanoic acid."
981,"The molecule is a straight chain alkane containing 19 carbon atoms. It has been isolated from the essential oils of several plants including Sideritis diphylla and Zanthoxylum piperitum. It has a role as an antibacterial agent, a volatile oil component and a plant metabolite."
982,"The molecule is a ceramide phosphoinositol compound having a hexacosanoyl group amide-linked to a C20 phytosphingosine base, with no hydroxylation at C-4 of the long-chain base or on the very-long-chain fatty acid."
983,"The molecule is a 2-hydroxy fatty acid anion that is the conjugate base of 2-hydroxydecanoic acid, obtained by deprotonation of the carboxy group; major species at pH 7.3. It has a role as an algal metabolite and a marine xenobiotic metabolite. It derives from a decanoate. It is a conjugate base of a 2-hydroxydecanoic acid."
984,"The molecule is a 19-membered cyclodepsipeptide isolated from the culture broth of Penicillium sp. It exhibits potent inhibitory activity against chymotrypsin (EC 3.4.21.1) and trypsin (EC 3.4.21.4). It has a role as an antimicrobial agent, an EC 3.4.21.1 (chymotrypsin) inhibitor and an EC 3.4.21.4 (trypsin) inhibitor. It is a macrocycle and a cyclodepsipeptide."
985,The molecule is a sulfur hydride. It is a conjugate base of an trithionic acid. It is a conjugate acid of a trianion(2-).
986,"The molecule is a secondary carboxamide resulting from the formal condensation of the carboxy group of 2-hydroxy-3,3-dimethylbutanoic acid with the amino group of 4-(trifluoromethyl)aniline in which one of the hydrogens attached to the nitrogen has been replaced by a cyano group while the other hydrogen has been replaced by a p-[sulfonyl(phenyl)methyl]amino group. It is an organofluorine compound, a nitrile, a sulfone and a secondary carboxamide."
987,"The molecule is a polyunsaturated fatty acyl-CoA(4-) arising from deprotonation of the phosphate and diphosphate functions of (13Z,16Z)-docosadienoyl-CoA. It is an (11Z)-Delta(11)-fatty acyl-CoA(4-) and a long-chain fatty acyl-CoA(4-). It is a conjugate base of a (13Z,16Z)-docosadienoyl-CoA."
988,The molecule is a dipeptide obtained by formal condensation of the carboxy group of L-threonine with the amino group of L-isoleucine. It derives from a L-threonine and a L-isoleucine.
989,The molecule is a beta-D-galactoside that is the 2-aminoethyl glycoside of beta-D-glucuronic acid. It has a role as an epitope and a mouse metabolite. It derives from a beta-D-glucuronic acid.
990,"The molecule is a 15-HPETE(1-) that is the conjugate base of 15(S)-HPETE, obtained by deprotonation of the carboxy group; major species at pH 7.3. It derives from an all-cis-icosa-8,11,14-trienoate. It is a conjugate base of a 15(S)-HPETE."
991,"The molecule is a tricyclic diterpenoid isolated from the stem bark of Fraxinus sieboldiana. It has a role as a plant metabolite and an anti-inflammatory agent. It is a cyclic terpene ketone, a member of phenols, an aromatic ether and a tricyclic diterpenoid."
992,The molecule is an organophosphate oxoanion obtained by deprotonation of the phosphate and diphosphate OH groups of 6-hydro-beta-NADP; major species at pH 7.3. It derives from a beta-NAD(+).
993,"The molecule is a phenolate anion that is the conjugate base of L-ascorbic acid, obtained by deprotonation of one of the two hydroxy groups at position 3; major species at pH 7.3. It has a role as an antioxidant and a plant metabolite. It derives from a L-arabinonate. It is a conjugate base of a L-ascorbic acid."
994,"The molecule is a 2,3-trans-enoyl CoA(4-) obtained by deprotonation of the phosphate and diphosphate OH groups of trans-2-icosenoyl-CoA; major species at pH 7.3. It is a conjugate base of a trans-2-icosenoyl-CoA."
995,"The molecule is a cinnamate ester obtained by the formal condensation of hydroxy group of 4-hydroxycinnamic acid with methoxyacetic acid. It has been isolated from Pisonia aculeata and Piper nigrum. It has a role as an antifeedant, a plant metabolite and an antifungal agent. It derives from a 4-hydroxycinnamic acid and a methoxyacetic acid."
996,"The molecule is a hydrochloride obtained by combining equimolar amounts of metoclopramide and hydrogen chloride. It has a role as an antiemetic, a gastrointestinal drug, a dopaminergic antagonist and a serotonergic agonist. It contains a metoclopramide(2+)."
997,"The molecule is a member of the class of 2,6-diaminopurines that is 2,6-diamino-9H-purine carrying additional piperidin-4-yl and (morpholin-4-ylmethyl)nitrilo groups at positions 5 and 8 respectively. It has a role as an EC 2.7.10.1 (receptor protein-tyrosine kinase) inhibitor. It is a member of morpholines, a secondary amino compound, a tertiary amino compound, a member of piperidines and a member of 2,6-diaminopurines."
998,The molecule is an L-leucine derivative that is the methyl ester of (3S)-3-methyl-L-leucine. It has a role as a metabolite and a bacterial metabolite.
999,"The molecule is a member of the class of thiazolidinones that is N-acetyl-D-threonyl-L-cysteinamide in which one of the hydrogens attached to the sulfur has been replaced by an (R)-1,5-dihydroxy-3-methylpentan-2-yl group. It has a role as a bacterial metabolite and an antifungal agent. It is a L-cysteine derivative, a non-proteinogenic L-alpha-amino acid, a secondary alcohol, a diol, a member of acetamides and a thiazolidinone."
